title,institution,university,research_fields,location,researcher_names,application_deadline,date_posted,job_url,source_website,duration,description,employment_type,salary,visa_sponsorship,dedup_key,first_seen,last_seen
Junior Research Scientist (Prof. Ursu & Prof. Liu),NYU Stern School of Business Marketing Department,NYU Stern School of Business Marketing Department,"Economics, Statistics, Marketing, Finance, Computer Science, Mathematics, Operations Research, Machine Learning, Physics",,Raluca Ursu & Xiao Liu,"July 16, 2026",,https://bit.ly/4xajHsK,predoc.org,,"Researcher Names: Raluca Ursu & Xiao Liu | Institution: NYU Stern School of Business Marketing Department | Research Fields: Economics, Statistics, Marketing, Finance, Computer Science, Mathematics, Operations Research, Machine Learning, Physics | Application Deadline: July 16, 2026 | Visa Sponsorship: While we cannot explicitly promise a successful visa sponsorship to any applicant, we are willing and open to consider all candidates, including international students.",,,"While we cannot explicitly promise a successful visa sponsorship to any applicant, we are willing and open to consider all candidates, including international students.",url:https://bit.ly/4xajHsK,2026-06-11T00:04:16.367654+00:00,2026-06-11T00:07:19.670835+00:00
"(Senior) Research/Data Analyst, Housing Center",American Enterprise Institute (AEI),American Enterprise Institute (AEI),Housing policy,,,Rolling – position will start ASAP.,,https://bit.ly/43KNdYy,predoc.org,,Institution: American Enterprise Institute (AEI) | Research Fields: Housing policy | Application Deadline: Rolling – position will start ASAP.,,,,url:https://bit.ly/43KNdYy,2026-06-11T00:04:16.367654+00:00,2026-06-11T00:07:19.670835+00:00
Research Assistant: Foreign and Defense Policy; Demographics and Political Economy,American Enterprise Institute (AEI),American Enterprise Institute (AEI),Demographics and political economy,,Dr. Nicholas Eberstadt,Rolling – position will start ASAP.,,https://bit.ly/4frCcTg,predoc.org,,Researcher Names: Dr. Nicholas Eberstadt | Institution: American Enterprise Institute (AEI) | Research Fields: Demographics and political economy | Application Deadline: Rolling – position will start ASAP.,,,,url:https://bit.ly/4frCcTg,2026-06-11T00:04:16.367654+00:00,2026-06-11T00:07:19.670835+00:00
"Research Assistant, Economic Policy Studies",American Enterprise Institute (AEI),American Enterprise Institute (AEI),"Tax policy, public finance, and international macroeconomics",,"Various AEI scholars focusing on tax policy, public finance, and international macroeconomics.",Rolling – position will likely start in the fall.,,https://bit.ly/4enf9aW,predoc.org,,"Researcher Names: Various AEI scholars focusing on tax policy, public finance, and international macroeconomics. | Institution: American Enterprise Institute (AEI) | Research Fields: Tax policy, public finance, and international macroeconomics | Application Deadline: Rolling – position will likely start in the fall.",,,,url:https://bit.ly/4enf9aW,2026-06-11T00:04:16.367654+00:00,2026-06-11T00:07:19.670835+00:00
"Research Assistant, Health Care and Budget Policy",American Enterprise Institute (AEI),American Enterprise Institute (AEI),"Health care policy, the federal budget, and entitlement program reform",,"Various AEI scholars focusing on health care policy, the federal budget, and entitlement program reform.",Rolling – position will likely start ASAP.,,https://bit.ly/4ec2tmi,predoc.org,,"Researcher Names: Various AEI scholars focusing on health care policy, the federal budget, and entitlement program reform. | Institution: American Enterprise Institute (AEI) | Research Fields: Health care policy, the federal budget, and entitlement program reform | Application Deadline: Rolling – position will likely start ASAP.",,,,url:https://bit.ly/4ec2tmi,2026-06-11T00:04:16.367654+00:00,2026-06-11T00:07:19.670835+00:00
"Pre-Doctoral Researcher, Education","Blueprint Labs, MIT","Blueprint Labs, MIT","Economics, Education",,"Josh Angrist, Parag Pathak","Rolling with priority deadline of August 2, 2026 at 11:59pm ET.",,https://bit.ly/3Sk8PZb,predoc.org,,"Researcher Names: Josh Angrist, Parag Pathak | Institution: Blueprint Labs, MIT | Research Fields: Economics, Education | Application Deadline: Rolling with priority deadline of August 2, 2026 at 11:59pm ET. | Visa Sponsorship: This position is not eligible for visa sponsorship and applicants must have US work authorization by the start of employment.",,,This position is not eligible for visa sponsorship and applicants must have US work authorization by the start of employment.,url:https://bit.ly/3Sk8PZb,2026-06-11T00:04:16.367654+00:00,2026-06-11T00:07:19.670835+00:00
"Pre-Doctoral Researcher, Workforce","Blueprint Labs, MIT","Blueprint Labs, MIT","Economics, Workforce/Labor, Education",,"Daron Acemoglu, David Autor, Simon Johnson","Rolling with priority deadline of August 2, 2026 at 11:59pm ET.",,https://bit.ly/4v0oRpy,predoc.org,,"Researcher Names: Daron Acemoglu, David Autor, Simon Johnson | Institution: Blueprint Labs, MIT | Research Fields: Economics, Workforce/Labor, Education | Application Deadline: Rolling with priority deadline of August 2, 2026 at 11:59pm ET. | Visa Sponsorship: This position is not eligible for visa sponsorship and applicants must have US work authorization by the start of employment.",,,This position is not eligible for visa sponsorship and applicants must have US work authorization by the start of employment.,url:https://bit.ly/4v0oRpy,2026-06-11T00:04:16.367654+00:00,2026-06-11T00:07:19.670835+00:00
"Pre-Doctoral Researcher, Health Care & AI","Blueprint Labs, MIT","Blueprint Labs, MIT","Economics, AI, Health Care",,Nikhil Agarwal,"Rolling with priority deadline of August 2, 2026 at 11:59pm ET.",,https://bit.ly/4x3VTqx,predoc.org,,"Researcher Names: Nikhil Agarwal | Institution: Blueprint Labs, MIT | Research Fields: Economics, AI, Health Care | Application Deadline: Rolling with priority deadline of August 2, 2026 at 11:59pm ET. | Visa Sponsorship: This position is not eligible for visa sponsorship and applicants must have US work authorization by the start of employment.",,,This position is not eligible for visa sponsorship and applicants must have US work authorization by the start of employment.,url:https://bit.ly/4x3VTqx,2026-06-11T00:04:16.367654+00:00,2026-06-11T00:07:19.670835+00:00
Research Assistant,Northwestern University and J-PAL,Northwestern University and J-PAL,Development; Finance,,"Erik Berwart, Sean Higgins, Sheisha Kulkarni, Santiago Truffa",Rolling,,https://bit.ly/4uRYFh5,predoc.org,,"Researcher Names: Erik Berwart, Sean Higgins, Sheisha Kulkarni, Santiago Truffa | Institution: Northwestern University and J-PAL | Research Fields: Development; Finance | Application Deadline: Rolling",,,,url:https://bit.ly/4uRYFh5,2026-06-11T00:04:16.367654+00:00,2026-06-11T00:07:19.670835+00:00
Pre-Doc in Applied AI,"University of California, San Diego Rady School of Management","University of California, San Diego Rady School of Management","Data Science and Tech Innovation, Urban, Artificial Intelligence",,Anya Samek & Erik Johnson,Rolling,,https://bit.ly/4nRYwaJ,predoc.org,,"Researcher Names: Anya Samek & Erik Johnson | Institution: University of California, San Diego Rady School of Management | Research Fields: Data Science and Tech Innovation, Urban, Artificial Intelligence | Application Deadline: Rolling",,,,url:https://bit.ly/4nRYwaJ,2026-06-11T00:04:16.367654+00:00,2026-06-11T00:07:19.670835+00:00
Research Professional,The University of Chicago Booth School of Business,The University of Chicago Booth School of Business,"Applied AI, Accounting",,Anna Costello and Bradford Levy,"June 30th, rolling review",,https://bit.ly/4fI8KrU,predoc.org,,"Researcher Names: Anna Costello and Bradford Levy | Institution: The University of Chicago Booth School of Business | Research Fields: Applied AI, Accounting | Application Deadline: June 30th, rolling review",,,,url:https://bit.ly/4fI8KrU,2026-06-11T00:04:16.367654+00:00,2026-06-11T00:07:19.670835+00:00
Pre-Doctoral Research Assistant,University of Michigan,University of Michigan,"Development economics, labor economics",,Rebecca Dizon-Ross,May 23,,https://bit.ly/4fhccdd,predoc.org,,"Researcher Names: Rebecca Dizon-Ross | Institution: University of Michigan | Research Fields: Development economics, labor economics | Application Deadline: May 23",,,,url:https://bit.ly/4fhccdd,2026-06-11T00:04:16.367654+00:00,2026-06-11T00:07:19.670835+00:00
Junior Research Analyst,NYU Stern School of Business,NYU Stern School of Business,"Economics, Statistics, Marketing, Finance, Computer Science, Mathematics, Operations Research, Machine Learning, Physics",,Marketing Department,"June 1, 2026",,https://bit.ly/4dpyIxM,predoc.org,,"Researcher Names: Marketing Department | Institution: NYU Stern School of Business | Research Fields: Economics, Statistics, Marketing, Finance, Computer Science, Mathematics, Operations Research, Machine Learning, Physics | Application Deadline: June 1, 2026 | Visa Sponsorship: While we cannot explicitly promise a successful visa sponsorship to any applicant, we are willing and open to consider all candidates, including international students.",,,"While we cannot explicitly promise a successful visa sponsorship to any applicant, we are willing and open to consider all candidates, including international students.",url:https://bit.ly/4dpyIxM,2026-06-11T00:04:16.367654+00:00,2026-06-11T00:07:19.670835+00:00
"Senior Research Data Support Analyst, YSE",Yale School of the Environment,Yale School of the Environment,"Environment and sustainability, AI/ML systems, operations, and statistics",,"Senior Research Data Support Analyst, YSE",Applications reviewed on a rolling basis.,,https://bit.ly/4nHi4yn,predoc.org,,"Researcher Names: Senior Research Data Support Analyst, YSE | Institution: Yale School of the Environment | Research Fields: Environment and sustainability, AI/ML systems, operations, and statistics | Application Deadline: Applications reviewed on a rolling basis.",,,,url:https://bit.ly/4nHi4yn,2026-06-11T00:04:16.367654+00:00,2026-06-11T00:07:19.670835+00:00
Andersen Institute Pre-Doctoral Research Assistants,Andersen Institutes of Finance and Economics,Andersen Institutes of Finance and Economics,Applied Microeconomics / Macro Finance,,Research assistants will work closely with PhD economists and are expected to engage actively in the research process.,Rolling,,https://bit.ly/4uqjiAs,predoc.org,,Researcher Names: Research assistants will work closely with PhD economists and are expected to engage actively in the research process. | Institution: Andersen Institutes of Finance and Economics | Research Fields: Applied Microeconomics / Macro Finance | Application Deadline: Rolling,,,,url:https://bit.ly/4uqjiAs,2026-06-11T00:04:16.368656+00:00,2026-06-11T00:07:19.670835+00:00
EPA Fellowship in Environmental Economics,Environmental Protection Agency National Center for Environmental Economics,Environmental Protection Agency National Center for Environmental Economics,"Economics, Environmental, Labor, Microeconomics, Public Economics, Statistics and Econometrics",,Heather Klemick,"Deadline is June 18, 2026, but we will review applications on a rolling basis and encourage submission of applications by June 2.","August 17, 2026. All start dates are flexible and vary depending on numerous factors.",https://bit.ly/492aNTJ,predoc.org,,"Researcher Names: Heather Klemick | Institution: Environmental Protection Agency National Center for Environmental Economics | Research Fields: Economics, Environmental, Labor, Microeconomics, Public Economics, Statistics and Econometrics | Application Deadline: Deadline is June 18, 2026, but we will review applications on a rolling basis and encourage submission of applications by June 2. | Date Posted: August 17, 2026. All start dates are flexible and vary depending on numerous factors. | Visa Sponsorship: This opportunity is available to U.S. citizens only.",,,This opportunity is available to U.S. citizens only.,url:https://bit.ly/492aNTJ,2026-06-11T00:04:16.368656+00:00,2026-06-11T00:07:19.670835+00:00
Pre-Doctoral Research Assistant - Project Specialist,University of Southern California Schaeffer Institute for Public Policy and Government,University of Southern California Schaeffer Institute for Public Policy and Government,"Applied microeconomics, health economics, political economy",,Genevieve Kanter,Applications will be considered on a rolling basis.,,https://bit.ly/4djZasx,predoc.org,,"Researcher Names: Genevieve Kanter | Institution: University of Southern California Schaeffer Institute for Public Policy and Government | Research Fields: Applied microeconomics, health economics, political economy | Application Deadline: Applications will be considered on a rolling basis.",,,,url:https://bit.ly/4djZasx,2026-06-11T00:04:16.368656+00:00,2026-06-11T00:07:19.670835+00:00
Research Analyst/Associate,JPMorganChase Institute,JPMorganChase Institute,"Finance, applied micro, public policy",,,Rolling review,,https://bit.ly/42o1AkY,predoc.org,,"Institution: JPMorganChase Institute | Research Fields: Finance, applied micro, public policy | Application Deadline: Rolling review",,,,url:https://bit.ly/42o1AkY,2026-06-11T00:04:16.368656+00:00,2026-06-11T00:07:19.670835+00:00
Pre-Doctoral Research Associate,University of Notre Dame,University of Notre Dame,"Sociology, statistics",,"Catherine Riegle-Crumb, Amy Langenkamp, Bill Carbonaro",5/24/26,"April 1, 2026 Job description , or apply directly via Qualtrics at this link.",https://bit.ly/4twWwWI,predoc.org,,"Researcher Names: Catherine Riegle-Crumb, Amy Langenkamp, Bill Carbonaro | Institution: University of Notre Dame | Research Fields: Sociology, statistics | Application Deadline: 5/24/26 | Date Posted: April 1, 2026 Job description , or apply directly via Qualtrics at this link.",,,,url:https://bit.ly/4twWwWI,2026-06-11T00:04:16.368656+00:00,2026-06-11T00:07:19.670835+00:00
Pre-Doctoral Research Associate,University of Notre Dame,University of Notre Dame,"Applied microeconomics, econometrics, statistics",,"Rob Collinson, Vicky Barone",5/24/26,"August 1, 2026 Job description , apply directly via Qualtrics at this link.",https://bit.ly/4ngG4Ig,predoc.org,,"Researcher Names: Rob Collinson, Vicky Barone | Institution: University of Notre Dame | Research Fields: Applied microeconomics, econometrics, statistics | Application Deadline: 5/24/26 | Date Posted: August 1, 2026 Job description , apply directly via Qualtrics at this link.",,,,url:https://bit.ly/4ngG4Ig,2026-06-11T00:04:16.368656+00:00,2026-06-11T00:07:19.670835+00:00
Pre-Doctoral Research Associate,University of Notre Dame,University of Notre Dame,"Developmental psychology, clinical psychology",,"Elizabeth Shewark, Ryan Carpenter",5/24/26,"August 1, 2026 Job description , apply directly via Qualtrics at this link.",https://bit.ly/48IgVk0,predoc.org,,"Researcher Names: Elizabeth Shewark, Ryan Carpenter | Institution: University of Notre Dame | Research Fields: Developmental psychology, clinical psychology | Application Deadline: 5/24/26 | Date Posted: August 1, 2026 Job description , apply directly via Qualtrics at this link.",,,,url:https://bit.ly/48IgVk0,2026-06-11T00:04:16.368656+00:00,2026-06-11T00:07:19.670835+00:00
Pre-Doctoral Research Fellow in Economics,Yale School of Management,Yale School of Management,"Projects in applied microeconomics, with a focus on higher education, skills, and labor-market outcomes.",,"Professors Barbara Biasi (Yale SOM), Song Ma (Yale SOM), and Professor Zhengren Zhu (Vassar College)",Applications will be reviewed on a rolling basis; shortlisted candidates will be contacted to schedule an interview.,July or August 2026,https://bit.ly/3QNqJmH,predoc.org,,"Researcher Names: Professors Barbara Biasi (Yale SOM), Song Ma (Yale SOM), and Professor Zhengren Zhu (Vassar College) | Institution: Yale School of Management | Research Fields: Projects in applied microeconomics, with a focus on higher education, skills, and labor-market outcomes. | Application Deadline: Applications will be reviewed on a rolling basis; shortlisted candidates will be contacted to schedule an interview. | Date Posted: July or August 2026",,,,url:https://bit.ly/3QNqJmH,2026-06-11T00:04:16.368656+00:00,2026-06-11T00:07:19.670835+00:00
Junior/Assistant/Associate Specialist,The California Policy Lab (CPL),The California Policy Lab (CPL),"The Research Assistant/Associate (campus title: Junior/Assistant/Associate Specialist) is a critical member of CPL research teams working on policy issues such as criminal justice, education, employment, health, and the social safety net.",,,"Tuesday, Jun 30, 2026 at 11:59pm (Pacific Time). Applications will continue to be accepted until this date, but those received after the review date will only be considered if the position has not yet been filled.",,https://bit.ly/4f53TB5,predoc.org,,"Institution: The California Policy Lab (CPL) | Research Fields: The Research Assistant/Associate (campus title: Junior/Assistant/Associate Specialist) is a critical member of CPL research teams working on policy issues such as criminal justice, education, employment, health, and the social safety net. | Application Deadline: Tuesday, Jun 30, 2026 at 11:59pm (Pacific Time). Applications will continue to be accepted until this date, but those received after the review date will only be considered if the position has not yet been filled.",,,,url:https://bit.ly/4f53TB5,2026-06-11T00:04:16.368656+00:00,2026-06-11T00:07:19.670835+00:00
Pre-Doctoral Researcher,Harvard Business School,Harvard Business School,Empirical research projects in applied economics and political economy,,Awa Ambra Seck and Natalia Garbiras Díaz (Harvard Business School),"May 18, 2026. Shortlisted candidates will be contacted for an interview and a skill test.","July 1, 2026",https://bit.ly/4usyNrd,predoc.org,,"Researcher Names: Awa Ambra Seck and Natalia Garbiras Díaz (Harvard Business School) | Institution: Harvard Business School | Research Fields: Empirical research projects in applied economics and political economy | Application Deadline: May 18, 2026. Shortlisted candidates will be contacted for an interview and a skill test. | Date Posted: July 1, 2026",,,,url:https://bit.ly/4usyNrd,2026-06-11T00:04:16.368656+00:00,2026-06-11T00:07:19.670835+00:00
Research Specialist II,The Eviction Lab at Princeton University,The Eviction Lab at Princeton University,"Sociology, housing inequality research, poverty research",,Matthew Desmond (PI),Rolling review,,https://bit.ly/3P4sUl8,predoc.org,,"Researcher Names: Matthew Desmond (PI) | Institution: The Eviction Lab at Princeton University | Research Fields: Sociology, housing inequality research, poverty research | Application Deadline: Rolling review",,,,url:https://bit.ly/3P4sUl8,2026-06-11T00:04:16.368656+00:00,2026-06-11T00:07:19.670835+00:00
Research Assistant II,We-Search Lab at Harvard University,We-Search Lab at Harvard University,Psychology; politics; natural language models,,Ashwini Ashokkumar,Applications will be considered on a rolling basis until the position is filled.,,https://bit.ly/4cHf9Rn,predoc.org,,Researcher Names: Ashwini Ashokkumar | Institution: We-Search Lab at Harvard University | Research Fields: Psychology; politics; natural language models | Application Deadline: Applications will be considered on a rolling basis until the position is filled. | Visa Sponsorship: Harvard University is unable to provide visa sponsorship for this position.,,,Harvard University is unable to provide visa sponsorship for this position.,url:https://bit.ly/4cHf9Rn,2026-06-11T00:04:16.368656+00:00,2026-06-11T00:07:19.670835+00:00
Research and Project Assistant (Job ID: 2026-3841),Brookings,Brookings,PK-12 and higher education policy topics,,Senior Fellow and Director of the Brown Center on Education Policy (“Brown Center”),Rolling,,https://bit.ly/48xaoIT,predoc.org,,Researcher Names: Senior Fellow and Director of the Brown Center on Education Policy (“Brown Center”) | Institution: Brookings | Research Fields: PK-12 and higher education policy topics | Application Deadline: Rolling,,,,url:https://bit.ly/48xaoIT,2026-06-11T00:04:16.368656+00:00,2026-06-11T00:07:19.670835+00:00
Research Professional – Oeindrila Dube-Development,Becker Friedman Institute for Economics (BFI),Becker Friedman Institute for Economics (BFI),Development economics and political economy,,"Oeindrila Dube, Philip K. Pearson Professor at the University of Chicago's Harris School of Public Policy",Rolling,,https://bit.ly/4cTb2To,predoc.org,,"Researcher Names: Oeindrila Dube, Philip K. Pearson Professor at the University of Chicago's Harris School of Public Policy | Institution: Becker Friedman Institute for Economics (BFI) | Research Fields: Development economics and political economy | Application Deadline: Rolling",,,,url:https://bit.ly/4cTb2To,2026-06-11T00:04:16.368656+00:00,2026-06-11T00:07:19.670835+00:00
Research Professional – Oeindrila Dube - AI and Machine Learning for Social Impact,Becker Friedman Institute for Economics (BFI),Becker Friedman Institute for Economics (BFI),AI; public policy; policing and criminal justice,,"Oeindrila Dube, Philip K. Pearson Professor at the University of Chicago's Harris School of Public Policy",Applications will be reviewed on a rolling basis.,,https://bit.ly/4sDNPZX,predoc.org,,"Researcher Names: Oeindrila Dube, Philip K. Pearson Professor at the University of Chicago's Harris School of Public Policy | Institution: Becker Friedman Institute for Economics (BFI) | Research Fields: AI; public policy; policing and criminal justice | Application Deadline: Applications will be reviewed on a rolling basis.",,,,url:https://bit.ly/4sDNPZX,2026-06-11T00:04:16.368656+00:00,2026-06-11T00:07:19.670835+00:00
Full-Time Research Assistant,National Bureau of Economic Research,National Bureau of Economic Research,"Energy/Environmental, Public Finance, Trade, and Health economics",,Joseph Shapiro (UC Berkeley),Rolling,,https://bit.ly/3OMpFP4,predoc.org,,"Researcher Names: Joseph Shapiro (UC Berkeley) | Institution: National Bureau of Economic Research | Research Fields: Energy/Environmental, Public Finance, Trade, and Health economics | Application Deadline: Rolling",,,,url:https://bit.ly/3OMpFP4,2026-06-11T00:04:16.368656+00:00,2026-06-11T00:07:19.670835+00:00
Senior Research Support Associate,MIT Department of Political Science,MIT Department of Political Science,"Political Economy, Causal Inference, Quantitative Methods",,"F. Daniel Hidalgo, In Song Kim, Rich Nielsen, Naoki Egami",Applications reviewed on a rolling basis,,https://bit.ly/47TFeel,predoc.org,,"Researcher Names: F. Daniel Hidalgo, In Song Kim, Rich Nielsen, Naoki Egami | Institution: MIT Department of Political Science | Research Fields: Political Economy, Causal Inference, Quantitative Methods | Application Deadline: Applications reviewed on a rolling basis",,,,url:https://bit.ly/47TFeel,2026-06-11T00:04:16.368656+00:00,2026-06-11T00:07:19.670835+00:00
Social Sciences Researcher/ Pre-Doc,UC San Diego Rady School of Management,UC San Diego Rady School of Management,"Education, behavioral economics, experimental economics",,Sally Sadoff,April 15,,https://bit.ly/4vkASqC,predoc.org,,"Researcher Names: Sally Sadoff | Institution: UC San Diego Rady School of Management | Research Fields: Education, behavioral economics, experimental economics | Application Deadline: April 15",,,,url:https://bit.ly/4vkASqC,2026-06-11T00:04:16.368656+00:00,2026-06-11T00:07:19.670835+00:00
IRiSS Pre-Doctoral Researchers,Stanford University – Institute for Research in the Social Sciences,Stanford University – Institute for Research in the Social Sciences,"Communication, Economics, Political Science, Psychology, Sociology",,"Rebekah Dix, Judith Fan, Vasiliki Fouka, Michael Frank, Tishara Garg, Tobias Gerstenberg, Ian Gotlib, Kalanit Grill-Spector, David Grusky, Jeffrey Hancock, Rob Reich, Douglas Rivers, Yiqing Xu",,,https://bit.ly/4smJkmH,predoc.org,,"Researcher Names: Rebekah Dix, Judith Fan, Vasiliki Fouka, Michael Frank, Tishara Garg, Tobias Gerstenberg, Ian Gotlib, Kalanit Grill-Spector, David Grusky, Jeffrey Hancock, Rob Reich, Douglas Rivers, Yiqing Xu | Institution: Stanford University – Institute for Research in the Social Sciences | Research Fields: Communication, Economics, Political Science, Psychology, Sociology",,,,url:https://bit.ly/4smJkmH,2026-06-11T00:04:16.368656+00:00,2026-06-11T00:07:19.670835+00:00
Pre-Doctoral Technical Associate,MIT Sloan School of Management,MIT Sloan School of Management,Sociology of work and organizations,,Clem Aeppli,Rolling,,https://bit.ly/4tvq2fO,predoc.org,,Researcher Names: Clem Aeppli | Institution: MIT Sloan School of Management | Research Fields: Sociology of work and organizations | Application Deadline: Rolling,,,,url:https://bit.ly/4tvq2fO,2026-06-11T00:04:16.368656+00:00,2026-06-11T00:07:19.670835+00:00
Junior Specialist/ Assistant Specialist,O'Donnell Center for Behavioral Economics - Haas School of Business,O'Donnell Center for Behavioral Economics - Haas School of Business,"Behavioral economics and finance, intersecting with topics in applied microeconomics, macro-finance, labor, and health.",,Ulrike Malmendier,,,https://bit.ly/4sUKsi8,predoc.org,,"Researcher Names: Ulrike Malmendier | Institution: O'Donnell Center for Behavioral Economics - Haas School of Business | Research Fields: Behavioral economics and finance, intersecting with topics in applied microeconomics, macro-finance, labor, and health. | Visa Sponsorship: While the position does not sponsor new consular H-1B visas, it does include sponsorship for STEM OPT and J-1 visas.",,,"While the position does not sponsor new consular H-1B visas, it does include sponsorship for STEM OPT and J-1 visas.",url:https://bit.ly/4sUKsi8,2026-06-11T00:04:16.368656+00:00,2026-06-11T00:07:19.670835+00:00
Data Analyst,Massachusetts General Hospital,Massachusetts General Hospital,"Health, Public Policy, Statistics and Econometrics, Health Decision Science, Disease Simulation Modeling",,"John Giardina, Jennifer Manne-Goehler, Emily Hyle",Rolling,,https://bit.ly/3PvFYQq,predoc.org,,"Researcher Names: John Giardina, Jennifer Manne-Goehler, Emily Hyle | Institution: Massachusetts General Hospital | Research Fields: Health, Public Policy, Statistics and Econometrics, Health Decision Science, Disease Simulation Modeling | Application Deadline: Rolling",,,,url:https://bit.ly/3PvFYQq,2026-06-11T00:04:16.368656+00:00,2026-06-11T00:07:19.670835+00:00
Pre-Doctoral Technical Associate,Massachusetts Institute of Technology: Sloan School of Management,Massachusetts Institute of Technology: Sloan School of Management,"Applied economics Research projects will be in the fields of health economics, public economics, energy & environmental economics, political economy, and industrial organization, with empirical tools including natural experiments, randomized trials, and structural estimation.",,"Charles Angelucci, Mert Demirer, Namrata Kala, Alexey Makarin, Benjamin Vatter, Catherine Wolfram",We will be accepting and reviewing applications on a rolling basis until the position is filled.,,https://bit.ly/47MWHG6,predoc.org,,"Researcher Names: Charles Angelucci, Mert Demirer, Namrata Kala, Alexey Makarin, Benjamin Vatter, Catherine Wolfram | Institution: Massachusetts Institute of Technology: Sloan School of Management | Research Fields: Applied economics Research projects will be in the fields of health economics, public economics, energy & environmental economics, political economy, and industrial organization, with empirical tools including natural experiments, randomized trials, and structural estimation. | Application Deadline: We will be accepting and reviewing applications on a rolling basis until the position is filled.",,,,url:https://bit.ly/47MWHG6,2026-06-11T00:04:16.368656+00:00,2026-06-11T00:07:19.670835+00:00
Pre-Doctoral Technical Associate,MIT Sloan School of Management,MIT Sloan School of Management,"Asset pricing, household and consumer finance, behavioral economics, macroeconomics, and micro-econometrics",,"Larry Schmidt, Taha Choukhmane",Applications will be open till the position is filled.,,https://bit.ly/3WAC5tN,predoc.org,,"Researcher Names: Larry Schmidt, Taha Choukhmane | Institution: MIT Sloan School of Management | Research Fields: Asset pricing, household and consumer finance, behavioral economics, macroeconomics, and micro-econometrics | Application Deadline: Applications will be open till the position is filled.",,,,url:https://bit.ly/3WAC5tN,2026-06-11T00:04:16.368656+00:00,2026-06-11T00:07:19.670835+00:00
Pre-Doctoral Technical Associate,MIT Sloan School of Management,MIT Sloan School of Management,"Quantitative Social Science, Organizational Behavior, Psychology, Management",,Jackson Lu,Rolling,,https://bit.ly/4rBEoe4,predoc.org,,"Researcher Names: Jackson Lu | Institution: MIT Sloan School of Management | Research Fields: Quantitative Social Science, Organizational Behavior, Psychology, Management | Application Deadline: Rolling",,,,url:https://bit.ly/4rBEoe4,2026-06-11T00:04:16.368656+00:00,2026-06-11T00:07:19.670835+00:00
Pre-Doctoral Technical Associate,MIT Sloan School of Management,MIT Sloan School of Management,"Fintech, cryptocurrencies and blockchain, financial intermediation, and consumer finance",,Antoinette Schoar,"March 1st, 2026",,https://bit.ly/43aPcWm,predoc.org,,"Researcher Names: Antoinette Schoar | Institution: MIT Sloan School of Management | Research Fields: Fintech, cryptocurrencies and blockchain, financial intermediation, and consumer finance | Application Deadline: March 1st, 2026",,,,url:https://bit.ly/43aPcWm,2026-06-11T00:04:16.368656+00:00,2026-06-11T00:07:19.670835+00:00
Staff Research Associate I,UCLA,UCLA,"Behavioral Science, Health",,"Dr. Jennifer Sumner, PhD","Rolling review, Application deadline 5/2/26",,https://bit.ly/485Jebs,predoc.org,,"Researcher Names: Dr. Jennifer Sumner, PhD | Institution: UCLA | Research Fields: Behavioral Science, Health | Application Deadline: Rolling review, Application deadline 5/2/26",,,,url:https://bit.ly/485Jebs,2026-06-11T00:04:16.368656+00:00,2026-06-11T00:07:19.670835+00:00
Research Assistant,Duke Identity and Diversity Lab,Duke Identity and Diversity Lab,"Social Psychology (social identities, perceptions, and behavior, with both adult and child populations)",,"Director, Dr. Sarah Gaither in the Department of Psychology and Neuroscience","Applications will be reviewed on a rolling basis starting March 31st (priority deadline), until filled.",,https://bit.ly/4866JkL,predoc.org,,"Researcher Names: Director, Dr. Sarah Gaither in the Department of Psychology and Neuroscience | Institution: Duke Identity and Diversity Lab | Research Fields: Social Psychology (social identities, perceptions, and behavior, with both adult and child populations) | Application Deadline: Applications will be reviewed on a rolling basis starting March 31st (priority deadline), until filled.",,,,url:https://bit.ly/4866JkL,2026-06-11T00:04:16.368656+00:00,2026-06-11T00:07:19.670835+00:00
Pre-Doctoral Research Assistant,"Universitat Pompeu Fabra, Barcelona, Spain","Universitat Pompeu Fabra, Barcelona, Spain",Macroeconomics and Labour Economics,,Jan Eeckhout,20th April 2026,,https://bit.ly/4bMFmgP,predoc.org,,"Researcher Names: Jan Eeckhout | Institution: Universitat Pompeu Fabra, Barcelona, Spain | Research Fields: Macroeconomics and Labour Economics | Application Deadline: 20th April 2026 | Visa Sponsorship: Visas for international candidates outside of the EU will be supported.",,,Visas for international candidates outside of the EU will be supported.,url:https://bit.ly/4bMFmgP,2026-06-11T00:04:16.368656+00:00,2026-06-11T00:07:19.670835+00:00
Research in Applied Political Economy,Columbia University,Columbia University,"Applied political economy at the intersection of politics and economics, on topics of state surveillance and political violence.",Remote option,Gemma Dipoppa,Applications will be considered on a rolling basis.,,https://bit.ly/4sjW7H3,predoc.org,,"Researcher Names: Gemma Dipoppa | Institution: Columbia University | Research Fields: Applied political economy at the intersection of politics and economics, on topics of state surveillance and political violence. | Application Deadline: Applications will be considered on a rolling basis. | Location: Remote option",,,,url:https://bit.ly/4sjW7H3,2026-06-11T00:04:16.368656+00:00,2026-06-11T00:07:19.670835+00:00
Pre-Doctoral Technical Associate,MIT Sloan School of Management,MIT Sloan School of Management,"Marketing, economics, operations, management",,"Ruru Hoong, Anya Shchetkina, and Jimin Nam Sponsoring Institution: MIT Sloan School of Management",Rolling,,https://bit.ly/4bxS0A1,predoc.org,,"Researcher Names: Ruru Hoong, Anya Shchetkina, and Jimin Nam Sponsoring Institution: MIT Sloan School of Management | Research Fields: Marketing, economics, operations, management | Application Deadline: Rolling | Institution: MIT Sloan School of Management",,,,url:https://bit.ly/4bxS0A1,2026-06-11T00:04:16.368656+00:00,2026-06-11T00:07:19.670835+00:00
Full-Time Pre-Doc Project Manager,National Bureau of Economic Research; Princeton University,National Bureau of Economic Research; Princeton University,"Income Inequality, Public Policy, Economic Mobility",,"Fatih Guvenen (Toronto), Luigi Pistaferri (Stanford), Gianluca Violante (Princeton)","April 1st, 2026",,https://bit.ly/47ImRJ3,predoc.org,,"Researcher Names: Fatih Guvenen (Toronto), Luigi Pistaferri (Stanford), Gianluca Violante (Princeton) | Institution: National Bureau of Economic Research; Princeton University | Research Fields: Income Inequality, Public Policy, Economic Mobility | Application Deadline: April 1st, 2026",,,,url:https://bit.ly/47ImRJ3,2026-06-11T00:04:16.368656+00:00,2026-06-11T00:07:19.670835+00:00
Research Professional,The Becker Friedman Institute for Economics (BFI),The Becker Friedman Institute for Economics (BFI),"International finance, macro, and spatial economics",,Professors Esteban Rossi-Hansberg and Rodrigo Adao,Rolling,July 2026 Research Professional,https://bit.ly/3Le8xjm,predoc.org,,"Researcher Names: Professors Esteban Rossi-Hansberg and Rodrigo Adao | Institution: The Becker Friedman Institute for Economics (BFI) | Research Fields: International finance, macro, and spatial economics | Application Deadline: Rolling | Date Posted: July 2026 Research Professional",,,,url:https://bit.ly/3Le8xjm,2026-06-11T00:04:16.368656+00:00,2026-06-11T00:07:19.670835+00:00
Full-Time Research Assistant,National Bureau of Economic Research,National Bureau of Economic Research,"Political Economy, Development, Economic History",,"Samuel Bazzi, Andreas Ferrara, Martin Fiszbein",Rolling,,https://bit.ly/4bzakZO,predoc.org,,"Researcher Names: Samuel Bazzi, Andreas Ferrara, Martin Fiszbein | Institution: National Bureau of Economic Research | Research Fields: Political Economy, Development, Economic History | Application Deadline: Rolling",,,,url:https://bit.ly/4bzakZO,2026-06-11T00:04:16.368656+00:00,2026-06-11T00:07:19.670835+00:00
Pre-Doctoral Research Assistant,UCLA Anderson School of Management,UCLA Anderson School of Management,"Finance, Accounting",,Professors Erica Jiang and Terrence Tianshuo Shi,Rolling,,https://bit.ly/4sapc7Q,predoc.org,,"Researcher Names: Professors Erica Jiang and Terrence Tianshuo Shi | Institution: UCLA Anderson School of Management | Research Fields: Finance, Accounting | Application Deadline: Rolling",,,,url:https://bit.ly/4sapc7Q,2026-06-11T00:04:16.368656+00:00,2026-06-11T00:07:19.670835+00:00
RA with ECHOlab/Center on Food Security and the Environment (FSE),Stanford University,Stanford University,"Economics, environment, climate, health, policy",,Marshall Burke,First Review Date 3/19/25,,https://bit.ly/3NCH5x5,predoc.org,,"Researcher Names: Marshall Burke | Institution: Stanford University | Research Fields: Economics, environment, climate, health, policy | Application Deadline: First Review Date 3/19/25",,,,url:https://bit.ly/3NCH5x5,2026-06-11T00:04:16.368656+00:00,2026-06-11T00:07:19.670835+00:00
Pre-Doctoral Research Position in Digital Economics and AI,MIT Sloan School of Management,MIT Sloan School of Management,"Marketing, Economics, Management, Operations",,"Ruru Hoong, Anya Shchetkina, and Jimin Nam",Rolling (reviews began early March 2026),,https://bit.ly/4ruEYcy,predoc.org,,"Institution: MIT Sloan School of Management | Research Fields: Marketing, Economics, Management, Operations | Application Deadline: Rolling (reviews began early March 2026) | Researcher Names: Ruru Hoong, Anya Shchetkina, and Jimin Nam",,,,url:https://bit.ly/4ruEYcy,2026-06-11T00:04:16.368656+00:00,2026-06-11T00:07:19.670835+00:00
Pre-Doctoral Research Associate in Economics,Brown University,Brown University,"Labor, Crime, Housing",,Matthew Pecenco,Applications will be accepted and reviewed on a rolling basis.,,https://bit.ly/40YnzOu,predoc.org,,"Researcher Names: Matthew Pecenco | Institution: Brown University | Research Fields: Labor, Crime, Housing | Application Deadline: Applications will be accepted and reviewed on a rolling basis.",,,,url:https://bit.ly/40YnzOu,2026-06-11T00:04:16.368656+00:00,2026-06-11T00:07:19.670835+00:00
Full-Time Research Assistant,"University of California, Berkeley","University of California, Berkeley","Applied microeconomics focusing on health care, industrial organization, productivity, and organizational economics",,"Professors Matt Backus (UC Berkeley), Ashley Swanson (UW Madison), and Andrew Olenski (Lehigh- non-NBER)",Applications will be considered on a rolling basis.,,https://bit.ly/4spOVsD,predoc.org,,"Institution: University of California, Berkeley | Research Fields: Applied microeconomics focusing on health care, industrial organization, productivity, and organizational economics | Application Deadline: Applications will be considered on a rolling basis. | Researcher Names: Professors Matt Backus (UC Berkeley), Ashley Swanson (UW Madison), and Andrew Olenski (Lehigh- non-NBER)",,,,url:https://bit.ly/4spOVsD,2026-06-11T00:04:16.368656+00:00,2026-06-11T00:07:19.670835+00:00
CSAP Predoc: Polarization and Inequality in the U.S. Criminal Legal System,"The Center for the Study of American Politics (CSAP) Pre-Doctoral Fellows Program, Yale University","The Center for the Study of American Politics (CSAP) Pre-Doctoral Fellows Program, Yale University",Quantitative political science,,Allison P. Harris,Rolling,,https://bit.ly/4rciaxY,predoc.org,,"Researcher Names: Allison P. Harris | Institution: The Center for the Study of American Politics (CSAP) Pre-Doctoral Fellows Program, Yale University | Research Fields: Quantitative political science | Application Deadline: Rolling",,,,url:https://bit.ly/4rciaxY,2026-06-11T00:04:16.368656+00:00,2026-06-11T00:07:19.670835+00:00
Tobin Pre-Doctoral Fellowship,"Tobin Center for Economic Policy, Yale University","Tobin Center for Economic Policy, Yale University","Public economics, urban economics, labor economics, environmental economics, law and economics, and political economy",,Zach Liscow,Rolling,,https://bit.ly/46DTuar,predoc.org,,"Researcher Names: Zach Liscow | Institution: Tobin Center for Economic Policy, Yale University | Research Fields: Public economics, urban economics, labor economics, environmental economics, law and economics, and political economy | Application Deadline: Rolling",,,,url:https://bit.ly/46DTuar,2026-06-11T00:04:16.368656+00:00,2026-06-11T00:07:19.670835+00:00
Research Assistant - 260000AZ,Department of Finance at the Chinese University of Hong Kong,Department of Finance at the Chinese University of Hong Kong,"Finance (environmental, development, macro)",,"Prof. Henry Zhang, with secondary supervision involving Prof. Victor Orestes at the Wharton School (University of Pennsylvania) and others",Rolling,,https://bit.ly/4rjlRlH,predoc.org,,"Researcher Names: Prof. Henry Zhang, with secondary supervision involving Prof. Victor Orestes at the Wharton School (University of Pennsylvania) and others | Institution: Department of Finance at the Chinese University of Hong Kong | Research Fields: Finance (environmental, development, macro) | Application Deadline: Rolling",,,,url:https://bit.ly/4rjlRlH,2026-06-11T00:04:16.368656+00:00,2026-06-11T00:07:19.670835+00:00
"Pre-Doctoral Research Assistant, Economics",London Business School,London Business School,"The role involves close collaboration on new and ongoing research projects. Research areas may include, but are not limited to",,Faculty members in the Economics area,"Mar 27, 2026 at 11:59 PM Eastern Time",,https://bit.ly/4rY7VOY,predoc.org,,"Institution: London Business School | Research Fields: The role involves close collaboration on new and ongoing research projects. Research areas may include, but are not limited to | Application Deadline: Mar 27, 2026 at 11:59 PM Eastern Time | Researcher Names: Faculty members in the Economics area",,,,url:https://bit.ly/4rY7VOY,2026-06-11T00:04:16.368656+00:00,2026-06-11T00:07:19.670835+00:00
Research Professional,Energy Policy Institute at the University of Chicago,Energy Policy Institute at the University of Chicago,Climate change; development economics; agricultural labor and markets,,"Professors Erin Kelley, Greg Lane, and Fiona Burlig",Applications accepted on a rolling basis.,"July 1, 2026 Research Professional",https://bit.ly/40nm5gs,predoc.org,,"Researcher Names: Professors Erin Kelley, Greg Lane, and Fiona Burlig | Institution: Energy Policy Institute at the University of Chicago | Research Fields: Climate change; development economics; agricultural labor and markets | Application Deadline: Applications accepted on a rolling basis. | Date Posted: July 1, 2026 Research Professional",,,,url:https://bit.ly/40nm5gs,2026-06-11T00:04:16.368656+00:00,2026-06-11T00:07:19.670835+00:00
Pre-Doctoral Research Fellow,University of Southern California,University of Southern California,"Environmental Economics, Development, Public Economics, and Political Economy",,David Schönholzer and Paulina Oliva,"March 31, 2026",,https://bit.ly/4tLpZNP,predoc.org,,"Researcher Names: David Schönholzer and Paulina Oliva | Institution: University of Southern California | Research Fields: Environmental Economics, Development, Public Economics, and Political Economy | Application Deadline: March 31, 2026",,,,url:https://bit.ly/4tLpZNP,2026-06-11T00:04:16.368656+00:00,2026-06-11T00:07:19.670835+00:00
Research Professional,The University of Chicago Booth School of Business,The University of Chicago Booth School of Business,"Macroeconomics, finance, spatial economics, fiscal policy, housing",,Leonardo D’Amico and Guido Lorenzoni,"First review March 6, then rolling",,https://bit.ly/4qQQGxT,predoc.org,,"Researcher Names: Leonardo D’Amico and Guido Lorenzoni | Institution: The University of Chicago Booth School of Business | Research Fields: Macroeconomics, finance, spatial economics, fiscal policy, housing | Application Deadline: First review March 6, then rolling",,,,url:https://bit.ly/4qQQGxT,2026-06-11T00:04:16.368656+00:00,2026-06-11T00:07:19.670835+00:00
Pre-Doctoral Fellowship,University of Zurich,University of Zurich,"Political Economy, Economic History, Cultural Economics",,Hans-Joachim Voth,Rolling admissions,,https://bit.ly/4qHxClq,predoc.org,,"Institution: University of Zurich | Research Fields: Political Economy, Economic History, Cultural Economics | Application Deadline: Rolling admissions | Researcher Names: Hans-Joachim Voth",,,,url:https://bit.ly/4qHxClq,2026-06-11T00:04:16.368656+00:00,2026-06-11T00:07:19.670835+00:00
Research Assistant,"Opportunity and Inclusive Growth Institute (Institute), Federal Reserve Bank of Minneapolis","Opportunity and Inclusive Growth Institute (Institute), Federal Reserve Bank of Minneapolis","Economics opportunity, labor market outcomes",,Research Division,Rolling Expected start date will be Spring/Summer 2026,,https://bit.ly/3OlHJiD,predoc.org,,"Researcher Names: Research Division | Institution: Opportunity and Inclusive Growth Institute (Institute), Federal Reserve Bank of Minneapolis | Research Fields: Economics opportunity, labor market outcomes | Application Deadline: Rolling Expected start date will be Spring/Summer 2026",,,,url:https://bit.ly/3OlHJiD,2026-06-11T00:04:16.368656+00:00,2026-06-11T00:07:19.670835+00:00
"Pre-Doctoral Research Fellow in International Trade, Industrial Organization, Urban/Spatial Economics",The Tuck School of Business at Dartmouth,The Tuck School of Business at Dartmouth,"International Trade, Industrial Organization, Urban/Spatial Economics",,Professors Anaïs Galdin and Felipe Barbieri,Review of applications will begin in February 2026 and will continue until the position is filled.,,https://bit.ly/4tDNFDG,predoc.org,,"Researcher Names: Professors Anaïs Galdin and Felipe Barbieri | Institution: The Tuck School of Business at Dartmouth | Research Fields: International Trade, Industrial Organization, Urban/Spatial Economics | Application Deadline: Review of applications will begin in February 2026 and will continue until the position is filled.",,,,url:https://bit.ly/4tDNFDG,2026-06-11T00:04:16.368656+00:00,2026-06-11T00:07:19.670835+00:00
Research Professional,The University of Chicago Booth School of Business,The University of Chicago Booth School of Business,Behavioral Science,,Emma Templeton,"March 1st, rolling review",,https://bit.ly/4rQdK0J,predoc.org,,"Researcher Names: Emma Templeton | Institution: The University of Chicago Booth School of Business | Research Fields: Behavioral Science | Application Deadline: March 1st, rolling review",,,,url:https://bit.ly/4rQdK0J,2026-06-11T00:04:16.368656+00:00,2026-06-11T00:07:19.670835+00:00
Pre-Doctoral Fellow,University of Zurich,University of Zurich,"Microeconomics, Behavioral Economics, Experimental Economics",,Professor Thomas Graeber,Feb 28,,https://bit.ly/4rh3Fd5,predoc.org,,"Researcher Names: Professor Thomas Graeber | Institution: University of Zurich | Research Fields: Microeconomics, Behavioral Economics, Experimental Economics | Application Deadline: Feb 28",,,,url:https://bit.ly/4rh3Fd5,2026-06-11T00:04:16.368656+00:00,2026-06-11T00:07:19.670835+00:00
Empirical Researcher,UC Berkeley School of Law,UC Berkeley School of Law,"Accounting, Economic History, Statistics and Econometrics, Finance",,"Andrew Baker, Abhay Aneja, Jonah Gelbach, Adam Badawi, Prasad Krishnamurthy, Veronica Santarosa, Manisha Padi, Emily Zhang, Ofer Eldar","Mar 1, 2026",,https://bit.ly/4qt2SEJ,predoc.org,,"Researcher Names: Andrew Baker, Abhay Aneja, Jonah Gelbach, Adam Badawi, Prasad Krishnamurthy, Veronica Santarosa, Manisha Padi, Emily Zhang, Ofer Eldar | Institution: UC Berkeley School of Law | Research Fields: Accounting, Economic History, Statistics and Econometrics, Finance | Application Deadline: Mar 1, 2026",,,,url:https://bit.ly/4qt2SEJ,2026-06-11T00:04:16.368656+00:00,2026-06-11T00:07:19.670835+00:00
Behavioral Research Fellow (Pre-Doc),"Northwestern University, Kellogg School of Management","Northwestern University, Kellogg School of Management","Behavioral Science, Marketing, Organizational Behavior",,Kellogg Behavioral Lab,Applications reviewed continuously until all positions are filled. Cover letters should include academic career goals and Kellogg faculty of interest.,,https://bit.ly/4rFGgSr,predoc.org,,"Researcher Names: Kellogg Behavioral Lab | Institution: Northwestern University, Kellogg School of Management | Research Fields: Behavioral Science, Marketing, Organizational Behavior | Application Deadline: Applications reviewed continuously until all positions are filled. Cover letters should include academic career goals and Kellogg faculty of interest.",,,,url:https://bit.ly/4rFGgSr,2026-06-11T00:04:16.368656+00:00,2026-06-11T00:07:19.670835+00:00
Pre-Doctoral Research Assistant,"University of California, Berkeley","University of California, Berkeley","Behavioral Economics, Public Economics",,"Professors Dmitry Taubinsky of UC Berkeley, Benjamin Lockwood of University of Pennsylvania’s Wharton School, and Luigi Butera of Copenhagen Business School","We will review applications on a rolling basis starting February 25, with the intention of making a final hiring decision by April 25.",,https://bit.ly/3OnnZLn,predoc.org,,"Researcher Names: Professors Dmitry Taubinsky of UC Berkeley, Benjamin Lockwood of University of Pennsylvania’s Wharton School, and Luigi Butera of Copenhagen Business School | Institution: University of California, Berkeley | Research Fields: Behavioral Economics, Public Economics | Application Deadline: We will review applications on a rolling basis starting February 25, with the intention of making a final hiring decision by April 25.",,,,url:https://bit.ly/3OnnZLn,2026-06-11T00:04:16.368656+00:00,2026-06-11T00:07:19.670835+00:00
Research Analyst,"Global Poverty Research Lab, Northwestern University","Global Poverty Research Lab, Northwestern University","Development, Statistics and Econometrics, Data Science and Tech Innovation, Meta-analysis",,"Lori Beaman, Andrew Dillon, Dean Karlan, Christopher Udry",Rolling,,https://bit.ly/4aP3DCz,predoc.org,,"Researcher Names: Lori Beaman, Andrew Dillon, Dean Karlan, Christopher Udry | Institution: Global Poverty Research Lab, Northwestern University | Research Fields: Development, Statistics and Econometrics, Data Science and Tech Innovation, Meta-analysis | Application Deadline: Rolling",,,,url:https://bit.ly/4aP3DCz,2026-06-11T00:04:16.368656+00:00,2026-06-11T00:07:19.670835+00:00
Replication Lab Coordinator & Research Assistant (Research Aide IV),Cornell University ILR School and Law School,Cornell University ILR School and Law School,Data Science and Tech Innovation; Public Economics; Public Policy; Labor; Econometrics and Statistics,,Lars Vilhuber and Eleanor Wilking,Rolling until filled.,,https://bit.ly/4a4S5Mc,predoc.org,,Researcher Names: Lars Vilhuber and Eleanor Wilking | Institution: Cornell University ILR School and Law School | Research Fields: Data Science and Tech Innovation; Public Economics; Public Policy; Labor; Econometrics and Statistics | Application Deadline: Rolling until filled.,,,,url:https://bit.ly/4a4S5Mc,2026-06-11T00:04:16.368656+00:00,2026-06-11T00:07:19.670835+00:00
"Research Assistant, Retirement Security Project, Economic Studies","Economic Studies Program,The Brookings Institution","Economic Studies Program,The Brookings Institution","Research topics cover a full range of public policy issues in economics, foreign policy, development, governance and metropolitan policy.",,,Applications will be reviewed on a rolling basis and only those selected for an interview will be contacted.,,https://bit.ly/4ksG9aG,predoc.org,,"Institution: Economic Studies Program,The Brookings Institution | Research Fields: Research topics cover a full range of public policy issues in economics, foreign policy, development, governance and metropolitan policy. | Application Deadline: Applications will be reviewed on a rolling basis and only those selected for an interview will be contacted.",,,,url:https://bit.ly/4ksG9aG,2026-06-11T00:04:16.368656+00:00,2026-06-11T00:07:19.670835+00:00
Pre-Doctoral Research Fellow,University of Pennsylvania,University of Pennsylvania,"Applied microeconomics, focusing on projects on the digital economy, transportation and urban economics, and industrial organization.",,"Professors Pinar Yildirim, Marketing Department, The Wharton School, and Juan Camilo Castillo, Economics Department, University of Pennsylvania","If interested, please submit a cover letter describing your interest in the job and specific research projects with faculty, CV, copies of your transcripts, and up to 3 letters of recommendation by",,https://bit.ly/4ablXXr,predoc.org,,"Researcher Names: Professors Pinar Yildirim, Marketing Department, The Wharton School, and Juan Camilo Castillo, Economics Department, University of Pennsylvania | Institution: University of Pennsylvania | Research Fields: Applied microeconomics, focusing on projects on the digital economy, transportation and urban economics, and industrial organization. | Application Deadline: If interested, please submit a cover letter describing your interest in the job and specific research projects with faculty, CV, copies of your transcripts, and up to 3 letters of recommendation by",,,,url:https://bit.ly/4ablXXr,2026-06-11T00:04:16.368656+00:00,2026-06-11T00:07:19.670835+00:00
Research Senior Technician (Pre-Doc),The Ohio State University,The Ohio State University,"Social Psychology; studying morality, political polarization, mind perception, religion, and artificial intelligence",,Dr. Kurt Gray,Review begins 3/1/2026,,https://bit.ly/3Mn09ih,predoc.org,,"Researcher Names: Dr. Kurt Gray | Institution: The Ohio State University | Research Fields: Social Psychology; studying morality, political polarization, mind perception, religion, and artificial intelligence | Application Deadline: Review begins 3/1/2026",,,,url:https://bit.ly/3Mn09ih,2026-06-11T00:04:16.368656+00:00,2026-06-11T00:07:19.670835+00:00
Pre-Doctoral Research Fellow,Stanford Institute for Economic Policy Research (SIEPR),Stanford Institute for Economic Policy Research (SIEPR),"Economic Policy; Applied Microeconomics (Education, Housing, Health, Early Childhood, Energy) entails continued engagement with federal and state policymakers; and Consumer Finance.",,Neale Mahoney,"Applications will be accepted on a rolling basis. For full consideration, please submit your complete application by February 8, 2026 (this Sunday).",,https://bit.ly/3MhMwke,predoc.org,,"Researcher Names: Neale Mahoney | Institution: Stanford Institute for Economic Policy Research (SIEPR) | Research Fields: Economic Policy; Applied Microeconomics (Education, Housing, Health, Early Childhood, Energy) entails continued engagement with federal and state policymakers; and Consumer Finance. | Application Deadline: Applications will be accepted on a rolling basis. For full consideration, please submit your complete application by February 8, 2026 (this Sunday).",,,,url:https://bit.ly/3MhMwke,2026-06-11T00:04:16.368656+00:00,2026-06-11T00:07:19.670835+00:00
Pre-Doctoral Program – Global Talent Common Application,"Department of Economics, University of Zurich","Department of Economics, University of Zurich","Environmental Economics, Development Economics, Technological Change & Innovation, Neuroeconomics, Behavioral Economics, International Trade, Macroeconomics, Public Economics, Economic Theory, Organizational Economics, Political Economy, Econometrics, Economic History, Financial Markets, Industrial Organization, Labor Economics, Education & Health, Economics of Institutions",,"All professors at the Department of Economics, University of Zurich currently searching for pre-docs","May 15th, 2026 (with deadline for recommendation letters or May 25th, 2026).",,https://bit.ly/4p9BRWr,predoc.org,,"Researcher Names: All professors at the Department of Economics, University of Zurich currently searching for pre-docs | Institution: Department of Economics, University of Zurich | Research Fields: Environmental Economics, Development Economics, Technological Change & Innovation, Neuroeconomics, Behavioral Economics, International Trade, Macroeconomics, Public Economics, Economic Theory, Organizational Economics, Political Economy, Econometrics, Economic History, Financial Markets, Industrial Organization, Labor Economics, Education & Health, Economics of Institutions | Application Deadline: May 15th, 2026 (with deadline for recommendation letters or May 25th, 2026).",,,,url:https://bit.ly/4p9BRWr,2026-06-11T00:04:16.368656+00:00,2026-06-11T00:07:19.670835+00:00
Pre-Doctoral Research Fellow,EIT Oxford,EIT Oxford,"AI and Robotics, Labour economics, Macroeconomics, Applied microeconomics, Public policy, Economics of ageing/demographics",,Andrew J. Scott,Applications will be reviewed on a rolling basis until April 30,,https://bit.ly/4c61dBq,predoc.org,,"Researcher Names: Andrew J. Scott | Institution: EIT Oxford | Research Fields: AI and Robotics, Labour economics, Macroeconomics, Applied microeconomics, Public policy, Economics of ageing/demographics | Application Deadline: Applications will be reviewed on a rolling basis until April 30",,,,url:https://bit.ly/4c61dBq,2026-06-11T00:04:16.368656+00:00,2026-06-11T00:07:19.670835+00:00
Pre-Doctoral Research Specialist,"Management Department at the Wharton School, University of Pennsylvania","Management Department at the Wharton School, University of Pennsylvania","Management, Corporate Strategy, M&A, Finance",,Emilie Feldman and Paul Nary,Rolling,,https://bit.ly/3LR5373,predoc.org,,"Researcher Names: Emilie Feldman and Paul Nary | Institution: Management Department at the Wharton School, University of Pennsylvania | Research Fields: Management, Corporate Strategy, M&A, Finance | Application Deadline: Rolling",,,,url:https://bit.ly/3LR5373,2026-06-11T00:04:16.368656+00:00,2026-06-11T00:07:19.670835+00:00
Pre-Doctoral Research Assistant,Ludwig-Maximilians-University Munich,Ludwig-Maximilians-University Munich,"Economics, Economic History, Applied Economics, Data Science and Tech Innovation",,Claudia Steinwender and Gabor Bekes,"Feb 23, 2026",,https://bit.ly/3Ma0OU9,predoc.org,,"Researcher Names: Claudia Steinwender and Gabor Bekes | Institution: Ludwig-Maximilians-University Munich | Research Fields: Economics, Economic History, Applied Economics, Data Science and Tech Innovation | Application Deadline: Feb 23, 2026",,,,url:https://bit.ly/3Ma0OU9,2026-06-11T00:04:16.368656+00:00,2026-06-11T00:07:19.670835+00:00
Pre-Doctoral Research Fellow,Yale SOM and NYU Stern,Yale SOM and NYU Stern,Finance,,Stefano Giglio and Johannes Stroebel,Rolling,"June 1, 2026",https://bit.ly/47RqH1N,predoc.org,,"Researcher Names: Stefano Giglio and Johannes Stroebel | Institution: Yale SOM and NYU Stern | Research Fields: Finance | Date Posted: June 1, 2026 | Application Deadline: Rolling",,,,url:https://bit.ly/47RqH1N,2026-06-11T00:04:16.368656+00:00,2026-06-11T00:07:19.670835+00:00
Pre-Doctoral Research Associate,University of Virginia,University of Virginia,"Environmental Economics, Applied Microeconomics",,Jonathan Colmer and Jay Shimshack,Rolling,,https://bit.ly/3JASCuQ,predoc.org,,"Researcher Names: Jonathan Colmer and Jay Shimshack | Institution: University of Virginia | Research Fields: Environmental Economics, Applied Microeconomics | Application Deadline: Rolling",,,,url:https://bit.ly/3JASCuQ,2026-06-11T00:04:16.368656+00:00,2026-06-11T00:07:19.670835+00:00
Pre-Doctoral Fellow in Economics and Applied Machine Learning with a Focus on Developing Countries,University of Zurich,University of Zurich,"Development, Data Science and Tech Innovation, Machine Learning, Political Economy, Public Policy",,David Yanagizawa-Drott,"Applications are reviewed on a rolling basis, with first full review end of February.",,https://bit.ly/3NI0BIo,predoc.org,,"Researcher Names: David Yanagizawa-Drott | Institution: University of Zurich | Research Fields: Development, Data Science and Tech Innovation, Machine Learning, Political Economy, Public Policy | Application Deadline: Applications are reviewed on a rolling basis, with first full review end of February.",,,,url:https://bit.ly/3NI0BIo,2026-06-11T00:04:16.368656+00:00,2026-06-11T00:07:19.670835+00:00
"Pre-Doc in Economics and AI - Yale, Columbia, and ETH Zurich",ETH Zurich (with Columbia and Yale),ETH Zurich (with Columbia and Yale),Applied Economics and AI,,ETH Zurich ( Elliott Ash ); Yale (W. Bentley MacLeod); and Columbia University (Suresh Naidu),"March 1st, 2026",,https://bit.ly/3NG5j9r,predoc.org,,"Researcher Names: ETH Zurich ( Elliott Ash ); Yale (W. Bentley MacLeod); and Columbia University (Suresh Naidu) | Institution: ETH Zurich (with Columbia and Yale) | Research Fields: Applied Economics and AI | Application Deadline: March 1st, 2026",,,,url:https://bit.ly/3NG5j9r,2026-06-11T00:04:16.368656+00:00,2026-06-11T00:07:19.670835+00:00
Research Professional,The University of Chicago Booth School of Business,The University of Chicago Booth School of Business,Behavioral Science and Marketing,,"Daniel Bartels, Shereen Chaudhry, Kristin Donnelly, Erika Kirgios, Abigail Sussman, and Oleg Urminsky","February 2nd, rolling review",,https://bit.ly/4sXXVGC,predoc.org,,"Researcher Names: Daniel Bartels, Shereen Chaudhry, Kristin Donnelly, Erika Kirgios, Abigail Sussman, and Oleg Urminsky | Institution: The University of Chicago Booth School of Business | Research Fields: Behavioral Science and Marketing | Application Deadline: February 2nd, rolling review",,,,url:https://bit.ly/4sXXVGC,2026-06-11T00:04:16.368656+00:00,2026-06-11T00:07:19.670835+00:00
Pre-Doctoral Research Associate in Economics at the Chair of Globalization and Labor Markets,"Department of Economics, University of Zurich","Department of Economics, University of Zurich","Labor Economics, Microeconomics",,David Dorn,"February 1st 2026 for applications, February 5th 2026 for letters of recommendation.",Summer/Fall 2026,https://bit.ly/3LLwuik,predoc.org,,"Researcher Names: David Dorn | Institution: Department of Economics, University of Zurich | Research Fields: Labor Economics, Microeconomics | Application Deadline: February 1st 2026 for applications, February 5th 2026 for letters of recommendation. | Date Posted: Summer/Fall 2026",,,,url:https://bit.ly/3LLwuik,2026-06-11T00:04:16.368656+00:00,2026-06-11T00:07:19.670835+00:00
Pre-Doctoral Researcher (gn),ESMT Berlin (Germany),ESMT Berlin (Germany),Macroeconomics and Finance,,"Michael Weber, PhD","The application deadline is March 31, 2026.",,https://bit.ly/4quQftQ,predoc.org,,"Researcher Names: Michael Weber, PhD | Institution: ESMT Berlin (Germany) | Research Fields: Macroeconomics and Finance | Application Deadline: The application deadline is March 31, 2026.",,,,url:https://bit.ly/4quQftQ,2026-06-11T00:04:16.368656+00:00,2026-06-11T00:07:19.670835+00:00
Pre-Doctoral Research Specialists,Wharton Rodney L. White Center for Financial Research,Wharton Rodney L. White Center for Financial Research,"Finance, Accounting",,Multiple faculty within Wharton Finance and Accounting Departments,Rolling,,https://whr.tn/4oe80eQ,predoc.org,,"Researcher Names: Multiple faculty within Wharton Finance and Accounting Departments | Institution: Wharton Rodney L. White Center for Financial Research | Research Fields: Finance, Accounting | Application Deadline: Rolling",,,,url:https://whr.tn/4oe80eQ,2026-06-11T00:04:16.368656+00:00,2026-06-11T00:07:19.670835+00:00
Pre-Doctoral Technical Associate,MIT Sloan School of Management,MIT Sloan School of Management,Financial Economics and Macroeconomics,,Emil Verner and David Thesmar,Rolling,,https://bit.ly/4qrOopH,predoc.org,,Researcher Names: Emil Verner and David Thesmar | Institution: MIT Sloan School of Management | Research Fields: Financial Economics and Macroeconomics | Application Deadline: Rolling,,,,url:https://bit.ly/4qrOopH,2026-06-11T00:04:16.368656+00:00,2026-06-11T00:07:19.670835+00:00
"Pre-Doctoral Researcher, Policy Impacts","Policy Impacts, Massachusetts Institute of Technology","Policy Impacts, Massachusetts Institute of Technology","Economics, workforce/labor, macroeconomics",,Nathaniel Hendren,"Apply by February 8, 2026 to meet the priority deadline.",,https://bit.ly/4bA7sxd,predoc.org,,"Researcher Names: Nathaniel Hendren | Institution: Policy Impacts, Massachusetts Institute of Technology | Research Fields: Economics, workforce/labor, macroeconomics | Application Deadline: Apply by February 8, 2026 to meet the priority deadline.",,,,url:https://bit.ly/4bA7sxd,2026-06-11T00:04:16.368656+00:00,2026-06-11T00:07:19.670835+00:00
Senior Research Associate,University of Oxford,University of Oxford,"Development, Labor, Applied Microeconomics, Behavioral Science",,"Kate Orkin (University of Oxford), Matthew Ridley (University of Warwick), Alison Andrew (University of Oxford), Nate Barker (Northwestern University), Rob Garlick (Duke University), Lukas Hensel (Peking University), Ulrike Malmendier (UC Berkeley)",30/01/2026,,https://bit.ly/4bes3Ht,predoc.org,,"Researcher Names: Kate Orkin (University of Oxford), Matthew Ridley (University of Warwick), Alison Andrew (University of Oxford), Nate Barker (Northwestern University), Rob Garlick (Duke University), Lukas Hensel (Peking University), Ulrike Malmendier (UC Berkeley) | Institution: University of Oxford | Application Deadline: 30/01/2026 | Research Fields: Development, Labor, Applied Microeconomics, Behavioral Science",,,,url:https://bit.ly/4bes3Ht,2026-06-11T00:04:16.368656+00:00,2026-06-11T00:07:19.670835+00:00
Junior Research Scientist,"Finance Department, NYU Stern School of Business","Finance Department, NYU Stern School of Business","Banking, behavioral finance, macro-finance, and financial history",,Lingxuan Sean Wu and Peter Koudijs,"Deadline is Jan 15, 2026; afterwards, applications will be reviewed on a rolling basis until the position is filled. Junior Research Scientist",,https://bit.ly/4qPttN1,predoc.org,,"Researcher Names: Lingxuan Sean Wu and Peter Koudijs | Institution: Finance Department, NYU Stern School of Business | Research Fields: Banking, behavioral finance, macro-finance, and financial history | Application Deadline: Deadline is Jan 15, 2026; afterwards, applications will be reviewed on a rolling basis until the position is filled. Junior Research Scientist",,,,url:https://bit.ly/4qPttN1,2026-06-11T00:04:16.368656+00:00,2026-06-11T00:07:19.670835+00:00
Pre-Doctoral Fellow,Opportunity Insights,Opportunity Insights,"Economics, Public Economics, Public Policy, Big Data, Statistics, Economic Mobility, Labor Markets, Econometrics, Education, Social Capital",,"Raj Chetty (Harvard), John Friedman (Harvard/Brown), and Nathan Hendren (Harvard/MIT)","Wednesday, February 4, 2026",,https://bit.ly/4bhqvME,predoc.org,,"Researcher Names: Raj Chetty (Harvard), John Friedman (Harvard/Brown), and Nathan Hendren (Harvard/MIT) | Institution: Opportunity Insights | Research Fields: Economics, Public Economics, Public Policy, Big Data, Statistics, Economic Mobility, Labor Markets, Econometrics, Education, Social Capital | Application Deadline: Wednesday, February 4, 2026",,,,url:https://bit.ly/4bhqvME,2026-06-11T00:04:16.368656+00:00,2026-06-11T00:07:19.670835+00:00
Pre-Doctoral Scholar,"University of Chicago, Harris School of Public Policy","University of Chicago, Harris School of Public Policy",Education; Public Policy; Economics,,Professor Anjali Adukia,Rolling review,,https://bit.ly/4jrd7rv,predoc.org,,"Researcher Names: Professor Anjali Adukia | Institution: University of Chicago, Harris School of Public Policy | Research Fields: Education; Public Policy; Economics | Application Deadline: Rolling review",,,,url:https://bit.ly/4jrd7rv,2026-06-11T00:04:16.368656+00:00,2026-06-11T00:07:19.670835+00:00
Assistant Researcher,KU CARE,KU CARE,Psychology - Eating Disorders,,Dr. Kelsie Forbush & Dr. Angeline Bottera,Applications reviewed continuously until the position is filled.,,https://bit.ly/3NwCufm,predoc.org,,Researcher Names: Dr. Kelsie Forbush & Dr. Angeline Bottera | Institution: KU CARE | Research Fields: Psychology - Eating Disorders | Application Deadline: Applications reviewed continuously until the position is filled.,,,,url:https://bit.ly/3NwCufm,2026-06-11T00:04:16.368656+00:00,2026-06-11T00:07:19.670835+00:00
2026 Summer Fellowship,,,AI Governance,,,Sunday 4 January 2026,,https://bit.ly/4pRkoD4,predoc.org,,Research Fields: AI Governance | Application Deadline: Sunday 4 January 2026,,,,url:https://bit.ly/4pRkoD4,2026-06-11T00:04:16.368656+00:00,2026-06-11T00:07:19.670835+00:00
Pre-Doctoral Research Specialist,The Mack Institute for Innovation Management at Wharton,The Mack Institute for Innovation Management at Wharton,"Economics, Microeconomics, Data Science and Tech Innovation, Statistics and Econometrics",,Matteo Tranchero and Manav Raj,Reviewed on a rolling basis.,,https://bit.ly/4sdUISM,predoc.org,,"Researcher Names: Matteo Tranchero and Manav Raj | Institution: The Mack Institute for Innovation Management at Wharton | Research Fields: Economics, Microeconomics, Data Science and Tech Innovation, Statistics and Econometrics | Application Deadline: Reviewed on a rolling basis.",,,,url:https://bit.ly/4sdUISM,2026-06-11T00:04:16.368656+00:00,2026-06-11T00:07:19.670835+00:00
Research Assistant III,Harvard Medical School,Harvard Medical School,"Health, Labor, Economics",,Nicole Maestas,Rolling,,https://bit.ly/4jaGIoZ,predoc.org,,"Researcher Names: Nicole Maestas | Institution: Harvard Medical School | Research Fields: Health, Labor, Economics | Application Deadline: Rolling",,,,url:https://bit.ly/4jaGIoZ,2026-06-11T00:04:16.368656+00:00,2026-06-11T00:07:19.670835+00:00
Research Fellow in Empirical Law and Finance,Stanford Law School,Stanford Law School,"Law and finance, capital markets, corporate governance, corporate disclosure, venture capital finance",,"Robert Bartlett, the W.A. Franke Professor of Law and Business at Stanford Law School and Professor Finance (by courtesy)","Monday, February 2, 2026",Summer 2026,https://bit.ly/49lvvyk,predoc.org,,"Researcher Names: Robert Bartlett, the W.A. Franke Professor of Law and Business at Stanford Law School and Professor Finance (by courtesy) | Institution: Stanford Law School | Research Fields: Law and finance, capital markets, corporate governance, corporate disclosure, venture capital finance | Application Deadline: Monday, February 2, 2026 | Date Posted: Summer 2026",,,,url:https://bit.ly/49lvvyk,2026-06-11T00:04:16.368656+00:00,2026-06-11T00:07:19.670835+00:00
Staff Associate II (Pre-Doctoral Researcher),Columbia Business School,Columbia Business School,"Behavioral Science, Organizational Behavior, Social Psychology, Economics",,,"Rolling, apply ASAP",February 1st,https://bit.ly/4qhR2xJ,predoc.org,,"Institution: Columbia Business School | Research Fields: Behavioral Science, Organizational Behavior, Social Psychology, Economics | Application Deadline: Rolling, apply ASAP | Date Posted: February 1st",,,,url:https://bit.ly/4qhR2xJ,2026-06-11T00:04:16.368656+00:00,2026-06-11T00:07:19.670835+00:00
Pre-Doctoral Fellowship- Lorenzo Casaburi,University of Zurich – Department of Economics,University of Zurich – Department of Economics,Development Economics,,Prof. Lorenzo Casaburi,31.01.2026,,https://bit.ly/4pOpm3I,predoc.org,,Researcher Names: Prof. Lorenzo Casaburi | Institution: University of Zurich – Department of Economics | Research Fields: Development Economics | Application Deadline: 31.01.2026,,,,url:https://bit.ly/4pOpm3I,2026-06-11T00:04:16.368656+00:00,2026-06-11T00:07:19.670835+00:00
Full-Time Research Assistant,West Point (Office of Economic and Manpower Analysis),West Point (Office of Economic and Manpower Analysis),"Economics, Econometrics and Statistics",,"Michael Baker, Kyle Greenberg, Aaron Phipps, Geoffrey Schnorr, Anna Weber","Rolling. We will begin reviewing candidates starting January 16, 2026",,https://bit.ly/44BuJdV,predoc.org,,"Researcher Names: Michael Baker, Kyle Greenberg, Aaron Phipps, Geoffrey Schnorr, Anna Weber | Institution: West Point (Office of Economic and Manpower Analysis) | Research Fields: Economics, Econometrics and Statistics | Application Deadline: Rolling. We will begin reviewing candidates starting January 16, 2026",,,,url:https://bit.ly/44BuJdV,2026-06-11T00:04:16.368656+00:00,2026-06-11T00:07:19.670835+00:00
Pre-Doctoral Associate,Amazon Economics,Amazon Economics,Advanced economic research,"Seattle, WA",,Rolling,,https://bit.ly/4s3d2Oo,predoc.org,,"Institution: Amazon Economics | Research Fields: Advanced economic research | Application Deadline: Rolling | Location: Seattle, WA",,,,url:https://bit.ly/4s3d2Oo,2026-06-11T00:04:16.368656+00:00,2026-06-11T00:07:19.670835+00:00
Technical Associate/ Pre-Doctoral Research Assistant,Massachusetts Institute of Technology,Massachusetts Institute of Technology,"Economics of Technological Progress, Innovation, AI",,Dr. Danial Lashkari,Applications will be accepted and reviewed on a rolling basis.,,https://bit.ly/4rYI5Lb,predoc.org,,"Researcher Names: Dr. Danial Lashkari | Institution: Massachusetts Institute of Technology | Research Fields: Economics of Technological Progress, Innovation, AI | Application Deadline: Applications will be accepted and reviewed on a rolling basis.",,,,url:https://bit.ly/4rYI5Lb,2026-06-11T00:04:16.368656+00:00,2026-06-11T00:07:19.670835+00:00
Junior Research Scientist,New York University Stern School of Business,New York University Stern School of Business,Finance,,Professors Alan Moreira and Indira Puri,Rolling,,https://bit.ly/4ptl9lG,predoc.org,,Institution: New York University Stern School of Business | Application Deadline: Rolling | Researcher Names: Professors Alan Moreira and Indira Puri | Research Fields: Finance,,,,url:https://bit.ly/4ptl9lG,2026-06-11T00:04:16.368656+00:00,2026-06-11T00:07:19.670835+00:00
Junior Research Scientist,New York University Stern School of Business,New York University Stern School of Business,Accounting,,"Sinja Leonelli, Irina Luneva, Gurpal Sran, Kyle (Jaehoon) Jung, and Aleksander Aleszczyk","Applications will be evaluated on a rolling basis, and all candidates applying by December 31, 2025 will receive full consideration.",,https://bit.ly/4aFMrkg,predoc.org,,"Researcher Names: Sinja Leonelli, Irina Luneva, Gurpal Sran, Kyle (Jaehoon) Jung, and Aleksander Aleszczyk | Institution: New York University Stern School of Business | Application Deadline: Applications will be evaluated on a rolling basis, and all candidates applying by December 31, 2025 will receive full consideration. | Research Fields: Accounting",,,,url:https://bit.ly/4aFMrkg,2026-06-11T00:04:16.368656+00:00,2026-06-11T00:07:19.670835+00:00
"Pre-Doctoral Research Fellow, The Shift Project at Harvard Kennedy School",Harvard University,Harvard University,"Sociology, Public Policy, Economics",,"Professors Daniel Schneider (Harvard Kennedy School) and Kristen Harknett (University of California, Berkeley)",1/15/26,,https://bit.ly/4iQglEv,predoc.org,,"Researcher Names: Professors Daniel Schneider (Harvard Kennedy School) and Kristen Harknett (University of California, Berkeley) | Institution: Harvard University | Research Fields: Sociology, Public Policy, Economics | Application Deadline: 1/15/26",,,,url:https://bit.ly/4iQglEv,2026-06-11T00:04:16.368656+00:00,2026-06-11T00:07:19.670835+00:00
Research Support,UC Berkeley,UC Berkeley,Applied Microeconomics,,Cailin Slattery and Carolyn Stein,We will review applications on a rolling basis until the position is filled.,,https://bit.ly/4oIiFij,predoc.org,,Researcher Names: Cailin Slattery and Carolyn Stein | Institution: UC Berkeley | Research Fields: Applied Microeconomics | Application Deadline: We will review applications on a rolling basis until the position is filled.,,,,url:https://bit.ly/4oIiFij,2026-06-11T00:04:16.368656+00:00,2026-06-11T00:07:19.670835+00:00
Research Associate,Duke University's Fuqua School of Business,Duke University's Fuqua School of Business,Finance,,"Manuel Adelino, Anna Cieslak, Nuno Clara, Paymon Khorrami, Arthur Taburet, Joao Thereze and Melanie Wallskog",January 31st,,https://bit.ly/4apqoOv,predoc.org,,"Researcher Names: Manuel Adelino, Anna Cieslak, Nuno Clara, Paymon Khorrami, Arthur Taburet, Joao Thereze and Melanie Wallskog | Institution: Duke University's Fuqua School of Business | Research Fields: Finance | Application Deadline: January 31st",,,,url:https://bit.ly/4apqoOv,2026-06-11T00:04:16.368656+00:00,2026-06-11T00:07:19.670835+00:00
Research Assistant/ Pre-Doc,UCLA Anderson School of Management,UCLA Anderson School of Management,Finance; macroeconomics; financial institutions,,Valentin Haddad and Tyler Muir,Rolling,,https://bit.ly/48tDbgn,predoc.org,,Researcher Names: Valentin Haddad and Tyler Muir | Institution: UCLA Anderson School of Management | Research Fields: Finance; macroeconomics; financial institutions | Application Deadline: Rolling,,,,url:https://bit.ly/48tDbgn,2026-06-11T00:04:16.368656+00:00,2026-06-11T00:07:19.670835+00:00
Research Assistant,Poverty and Inequality Research Lab at Johns Hopkins University,Poverty and Inequality Research Lab at Johns Hopkins University,Sociology and Economics,,Professors Stefanie Deluca and Nick Papageorge,"December 19, 2025",,https://bit.ly/48fdO31,predoc.org,,"Researcher Names: Professors Stefanie Deluca and Nick Papageorge | Institution: Poverty and Inequality Research Lab at Johns Hopkins University | Research Fields: Sociology and Economics | Application Deadline: December 19, 2025",,,,url:https://bit.ly/48fdO31,2026-06-11T00:04:16.368656+00:00,2026-06-11T00:07:19.670835+00:00
Pre-Doctoral Technical Associate,MIT Sloan School of Management,MIT Sloan School of Management,"Capital markets, corporate finance, macro-finance, household finance, and micro-econometrics",,"Tong Liu, Lira Mota, Christopher Palmer, Kerry Siani, and Juan Antolin-Diaz",Rolling,,https://bit.ly/3LfkNjw,predoc.org,,"Researcher Names: Tong Liu, Lira Mota, Christopher Palmer, Kerry Siani, and Juan Antolin-Diaz | Institution: MIT Sloan School of Management | Research Fields: Capital markets, corporate finance, macro-finance, household finance, and micro-econometrics | Application Deadline: Rolling",,,,url:https://bit.ly/3LfkNjw,2026-06-11T00:04:16.368656+00:00,2026-06-11T00:07:19.670835+00:00
Pre-Doctoral Research Associate,University of Notre Dame,University of Notre Dame,"Microeconomics, Public Policy, Statistics/Econometrics",,"Evan Mast, Rob Collinson","Sunday, 12/14/25",,https://bit.ly/49IXQ2i,predoc.org,,"Researcher Names: Evan Mast, Rob Collinson | Institution: University of Notre Dame | Research Fields: Microeconomics, Public Policy, Statistics/Econometrics | Application Deadline: Sunday, 12/14/25",,,,url:https://bit.ly/49IXQ2i,2026-06-11T00:04:16.368656+00:00,2026-06-11T00:07:19.670835+00:00
"Pre-Doctoral Research Associate, Global Linkages Lab",The Global Linkages Lab at Brown University’s Department of Economics,The Global Linkages Lab at Brown University’s Department of Economics,International economics; globalization;sustainable growth; global economic policy,,Professor Sebnem Kalemli-Ozcan,Review of applications will begin immediately and continue until the position is filled.,,https://bit.ly/3XUbXdP,predoc.org,,"Researcher Names: Professor Sebnem Kalemli-Ozcan | Institution: The Global Linkages Lab at Brown University’s Department of Economics | Research Fields: International economics; globalization;sustainable growth; global economic policy | Application Deadline: Review of applications will begin immediately and continue until the position is filled. | Visa Sponsorship: For this position, Brown offers only the J-1 visa classification to scholars who need immigration sponsorship in order to enter the U.S. and commence lawful employment under the terms of their appointment.",,,"For this position, Brown offers only the J-1 visa classification to scholars who need immigration sponsorship in order to enter the U.S. and commence lawful employment under the terms of their appointment.",url:https://bit.ly/3XUbXdP,2026-06-11T00:04:16.368656+00:00,2026-06-11T00:07:19.670835+00:00
Research Assistant in Health Economics and Applied Econometrics,University of Michigan,University of Michigan,"Health, Statistics and Econometrics",,Amanda Kowalski and Dave Chan,Rolling,,https://bit.ly/3Vxyps7,predoc.org,,"Researcher Names: Amanda Kowalski and Dave Chan | Institution: University of Michigan | Research Fields: Health, Statistics and Econometrics | Application Deadline: Rolling",,,,url:https://bit.ly/3Vxyps7,2026-06-11T00:04:16.368656+00:00,2026-06-11T00:07:19.670835+00:00
Economics Research Assistant,"Joint Committee on Taxation, U.S. Congress","Joint Committee on Taxation, U.S. Congress",Economics,,Jacob Mortenson,"December 15, 2025",,https://bit.ly/4oXdoUU,predoc.org,,"Researcher Names: Jacob Mortenson | Institution: Joint Committee on Taxation, U.S. Congress | Research Fields: Economics | Application Deadline: December 15, 2025 | Visa Sponsorship: Eligible candidates must meet citizenship requirements for employment in the Federal government (generally, be U.S. citizens or have legal residency that permits timely completion of the citizenship process).",,,"Eligible candidates must meet citizenship requirements for employment in the Federal government (generally, be U.S. citizens or have legal residency that permits timely completion of the citizenship process).",url:https://bit.ly/4oXdoUU,2026-06-11T00:04:16.368656+00:00,2026-06-11T00:07:19.670835+00:00
Associate in Research/Pre-Doctoral Research Fellow,"DevLab@Duke , Department of Economics, Duke University","DevLab@Duke , Department of Economics, Duke University",,"Durham, North Carolina",Professor Erica Field and co-PIs,Applications will be reviewed on a rolling basis; please apply as soon as possible for full consideration.,,https://bit.ly/44flDTT,predoc.org,,"Researcher Names: Professor Erica Field and co-PIs | Institution: DevLab@Duke , Department of Economics, Duke University | Application Deadline: Applications will be reviewed on a rolling basis; please apply as soon as possible for full consideration. | Visa Sponsorship: Duke can provide visa sponsorship, and there will be possibility for international fieldwork. | Location: Durham, North Carolina",,,"Duke can provide visa sponsorship, and there will be possibility for international fieldwork.",url:https://bit.ly/44flDTT,2026-06-11T00:04:16.368656+00:00,2026-06-11T00:07:19.670835+00:00
Pre-Doctoral Research Associate,Harvard Business School,Harvard Business School,"Accounting, emerging technologies, climate change, alternative and big data, corporate social responsibility, and corporate finance.",,Professors Jung Koo Kang and Shirley Lu,Rolling,Summer 2026,https://bit.ly/3XCTd2u,predoc.org,,"Researcher Names: Professors Jung Koo Kang and Shirley Lu | Institution: Harvard Business School | Research Fields: Accounting, emerging technologies, climate change, alternative and big data, corporate social responsibility, and corporate finance. | Application Deadline: Rolling | Visa Sponsorship: Candidates must have valid U.S. work authorization for the duration of the appointment (such as OPT). | Date Posted: Summer 2026",,,Candidates must have valid U.S. work authorization for the duration of the appointment (such as OPT).,url:https://bit.ly/3XCTd2u,2026-06-11T00:04:16.368656+00:00,2026-06-11T00:07:19.670835+00:00
Pre-Doctoral Researcher,Massachusetts Institute of Technology - Department of Economics,Massachusetts Institute of Technology - Department of Economics,"Labor economics, markets, government/union regulation",,Nina Roussille and Anna Stansbury,We will review all applications and interview candidates on a rolling basis.,,https://bit.ly/3MeEJTS,predoc.org,,"Institution: Massachusetts Institute of Technology - Department of Economics | Research Fields: Labor economics, markets, government/union regulation | Application Deadline: We will review all applications and interview candidates on a rolling basis. | Researcher Names: Nina Roussille and Anna Stansbury",,,,url:https://bit.ly/3MeEJTS,2026-06-11T00:04:16.368656+00:00,2026-06-11T00:07:19.670835+00:00
Globalization Pre-Doctoral Fellows,The Globalization Cluster at Dartmouth College,The Globalization Cluster at Dartmouth College,"Macroeconomics, Development, Public Policy, Political Economy",,Treb Allen,"Review of applications will begin December 1, 2025, and will continue until the position is filled.",,https://bit.ly/4i5qYTo,predoc.org,,"Researcher Names: Treb Allen | Institution: The Globalization Cluster at Dartmouth College | Research Fields: Macroeconomics, Development, Public Policy, Political Economy | Application Deadline: Review of applications will begin December 1, 2025, and will continue until the position is filled.",,,,url:https://bit.ly/4i5qYTo,2026-06-11T00:04:16.368656+00:00,2026-06-11T00:07:19.670835+00:00
Empirical Research Fellow,"Kellogg School of Management, Northwestern University","Kellogg School of Management, Northwestern University","Organizational behavior, computational social sciences",,"Nour Kteily, Tessa Charlesworth","December 18, 2025",,https://bit.ly/48p0F7y,predoc.org,,"Researcher Names: Nour Kteily, Tessa Charlesworth | Institution: Kellogg School of Management, Northwestern University | Research Fields: Organizational behavior, computational social sciences | Application Deadline: December 18, 2025",,,,url:https://bit.ly/48p0F7y,2026-06-11T00:04:16.368656+00:00,2026-06-11T00:07:19.670835+00:00
Pre-Doctoral Technical Associate,MIT Sloan School of Management,MIT Sloan School of Management,"Finance, economics, computer science",,Juan Antolin-Diaz,Rolling,,https://bit.ly/3X3IduU,predoc.org,,"Researcher Names: Juan Antolin-Diaz | Institution: MIT Sloan School of Management | Research Fields: Finance, economics, computer science | Application Deadline: Rolling",,,,url:https://bit.ly/3X3IduU,2026-06-11T00:04:16.368656+00:00,2026-06-11T00:07:19.670835+00:00
Research Professionals,"University of Chicago, Market Shaping Accelerator","University of Chicago, Market Shaping Accelerator","Microeconomics, economics of innovation, industrial organization, public policy, health economics, climate, market shaping",,"Christopher Snyder , Michael Kremer","First review, Oct 6.",,https://bit.ly/3IkBfxO,predoc.org,,"Researcher Names: Christopher Snyder , Michael Kremer | Institution: University of Chicago, Market Shaping Accelerator | Research Fields: Microeconomics, economics of innovation, industrial organization, public policy, health economics, climate, market shaping | Application Deadline: First review, Oct 6.",,,,url:https://bit.ly/3IkBfxO,2026-06-11T00:04:16.368656+00:00,2026-06-11T00:07:19.670835+00:00
Pre-Doctoral Researcher,Massachusetts Institute of Technology,Massachusetts Institute of Technology,Machine learning; econometrics and statistics; artificial intelligence,,Professor Ashesh Rambachan,Rolling,,https://bit.ly/47G8XYv,predoc.org,,Researcher Names: Professor Ashesh Rambachan | Institution: Massachusetts Institute of Technology | Research Fields: Machine learning; econometrics and statistics; artificial intelligence | Application Deadline: Rolling,,,,url:https://bit.ly/47G8XYv,2026-06-11T00:04:16.368656+00:00,2026-06-11T00:07:19.670835+00:00
Pre-Doctoral Researcher,Massachusetts Institute of Technology,Massachusetts Institute of Technology,"Economics, labor markets, artificial intellligence",,,Applications will be evaluated on a rolling basis.,,https://bit.ly/4p4EKId,predoc.org,,"Institution: Massachusetts Institute of Technology | Research Fields: Economics, labor markets, artificial intellligence | Application Deadline: Applications will be evaluated on a rolling basis.",,,,url:https://bit.ly/4p4EKId,2026-06-11T00:04:16.368656+00:00,2026-06-11T00:07:19.670835+00:00
Pre-Doctoral Researcher,Massachusetts Institute of Technology,Massachusetts Institute of Technology,"Industrial policy, international trade and development economics",,Professor David Atkin or Professor Dave Donaldson,Rolling,"July 1, 2026",https://bit.ly/49ji2aU,predoc.org,,"Researcher Names: Professor David Atkin or Professor Dave Donaldson | Institution: Massachusetts Institute of Technology | Research Fields: Industrial policy, international trade and development economics | Date Posted: July 1, 2026 | Application Deadline: Rolling",,,,url:https://bit.ly/49ji2aU,2026-06-11T00:04:16.368656+00:00,2026-06-11T00:07:19.670835+00:00
Pre-Doctoral Research Associate,"The Building Inclusive Growth (BIG) Lab, University of Notre Dame","The Building Inclusive Growth (BIG) Lab, University of Notre Dame",Development,,"Lakshmi Iyer, Taryn Dinkelman, Enrique Seira, Joseph Kaboski, Santosh Gautam, Alejandro Estefan","December 31, 2025",,https://bit.ly/49gTlvD,predoc.org,,"Researcher Names: Lakshmi Iyer, Taryn Dinkelman, Enrique Seira, Joseph Kaboski, Santosh Gautam, Alejandro Estefan | Institution: The Building Inclusive Growth (BIG) Lab, University of Notre Dame | Research Fields: Development | Application Deadline: December 31, 2025",,,,url:https://bit.ly/49gTlvD,2026-06-11T00:04:16.368656+00:00,2026-06-11T00:07:19.670835+00:00
Empirical Research Fellow,"Kellogg School of Management, Northwestern University","Kellogg School of Management, Northwestern University","Science of science, innovation, network science, computational social sciences",,Dashun Wang,December 18,,https://bit.ly/47APg4b,predoc.org,,"Researcher Names: Dashun Wang | Institution: Kellogg School of Management, Northwestern University | Research Fields: Science of science, innovation, network science, computational social sciences | Application Deadline: December 18",,,,url:https://bit.ly/47APg4b,2026-06-11T00:04:16.368656+00:00,2026-06-11T00:07:19.670835+00:00
Empirical Research Fellow,"Kellogg School of Management, Northwestern University","Kellogg School of Management, Northwestern University","Applied microeconomics, political economy, bounded rationality",,"Yuval Salant, Jörg Spenkuch",December 18,,https://bit.ly/43V1ceO,predoc.org,,"Researcher Names: Yuval Salant, Jörg Spenkuch | Institution: Kellogg School of Management, Northwestern University | Research Fields: Applied microeconomics, political economy, bounded rationality | Application Deadline: December 18",,,,url:https://bit.ly/43V1ceO,2026-06-11T00:04:16.368656+00:00,2026-06-11T00:07:19.670835+00:00
Empirical Research Fellow,"Kellogg School of Management, Northwestern University","Kellogg School of Management, Northwestern University","Accounting, financial accounting managerial economics",,Sugata Roychowdhury,December 18,,https://bit.ly/4nOMOfa,predoc.org,,"Researcher Names: Sugata Roychowdhury | Institution: Kellogg School of Management, Northwestern University | Research Fields: Accounting, financial accounting managerial economics | Application Deadline: December 18",,,,url:https://bit.ly/4nOMOfa,2026-06-11T00:04:16.368656+00:00,2026-06-11T00:07:19.670835+00:00
Empirical Research Fellow,"Kellogg School of Management, Northwestern University","Kellogg School of Management, Northwestern University","Quantitative marketing, I/O economics, behavioral experiments",,Ilya Morozov,December 18 Empirical Research Fellow,,https://bit.ly/3JTTeM6,predoc.org,,"Researcher Names: Ilya Morozov | Institution: Kellogg School of Management, Northwestern University | Research Fields: Quantitative marketing, I/O economics, behavioral experiments | Application Deadline: December 18 Empirical Research Fellow",,,,url:https://bit.ly/3JTTeM6,2026-06-11T00:04:16.368656+00:00,2026-06-11T00:07:19.670835+00:00
Pre-Doctoral Research Associate,Northwestern University,Northwestern University,Economics,,Garima Sharma,We will review applications on a rolling basis until the position is filled.,,https://bit.ly/4hWcipK,predoc.org,,Researcher Names: Garima Sharma | Institution: Northwestern University | Research Fields: Economics | Application Deadline: We will review applications on a rolling basis until the position is filled.,,,,url:https://bit.ly/4hWcipK,2026-06-11T00:04:16.368656+00:00,2026-06-11T00:07:19.670835+00:00
Research Assistants,The Federal Reserve,The Federal Reserve,"Economics, statistics, finance, data science, public policy, or related fields",,Board of Governors of the Federal Reserve System,January 31,,https://bit.ly/468OWrn,predoc.org,,"Researcher Names: Board of Governors of the Federal Reserve System | Institution: The Federal Reserve | Research Fields: Economics, statistics, finance, data science, public policy, or related fields | Application Deadline: January 31",,,,url:https://bit.ly/468OWrn,2026-06-11T00:04:16.368656+00:00,2026-06-11T00:07:19.670835+00:00
Pre-Doctoral Research Specialist,"Wharton School of Business, University of Pennsylvania","Wharton School of Business, University of Pennsylvania","Real estate, public policy, and urban economics.",,"Joseph Gyourko, Todd Sinai, Fernando Ferreira, Maisy Wong, Ben Keys, Nina Harari, Sophie Calder-Wang, Jessie Handbury, Gilles Duranton",Rolling,,https://bit.ly/4mH2Nvy,predoc.org,,"Researcher Names: Joseph Gyourko, Todd Sinai, Fernando Ferreira, Maisy Wong, Ben Keys, Nina Harari, Sophie Calder-Wang, Jessie Handbury, Gilles Duranton | Institution: Wharton School of Business, University of Pennsylvania | Research Fields: Real estate, public policy, and urban economics. | Application Deadline: Rolling",,,,url:https://bit.ly/4mH2Nvy,2026-06-11T00:04:16.368656+00:00,2026-06-11T00:07:19.670835+00:00
Pre-Doctoral Fellow,Harvard Graduate School of Education,Harvard Graduate School of Education,"Economics, Education, Development",,Vesall Nourani,Rolling,,https://bit.ly/3JJTq0p,predoc.org,,"Researcher Names: Vesall Nourani | Institution: Harvard Graduate School of Education | Research Fields: Economics, Education, Development | Application Deadline: Rolling",,,,url:https://bit.ly/3JJTq0p,2026-06-11T00:04:16.368656+00:00,2026-06-11T00:07:19.670835+00:00
Research Assistant - Youth Criminal Justice,"Centre for Economic Performance (CEP), London School of Economics","Centre for Economic Performance (CEP), London School of Economics",Education and criminal justice systems in England,,"Dr Rui Costa, Dr Nikhil Datta and Dr Matteo Sandi",30/11/2025,,https://bit.ly/47q07xU,predoc.org,,"Researcher Names: Dr Rui Costa, Dr Nikhil Datta and Dr Matteo Sandi | Institution: Centre for Economic Performance (CEP), London School of Economics | Research Fields: Education and criminal justice systems in England | Application Deadline: 30/11/2025",,,,url:https://bit.ly/47q07xU,2026-06-11T00:04:16.368656+00:00,2026-06-11T00:07:19.670835+00:00
Pre-Doctoral Fellowship in Behavioral-Economic Theory,"Department of Economics and Business School, Harvard University","Department of Economics and Business School, Harvard University",Psychologically-grounded economic theory,,Professor Matthew Rabin,Rolling,,https://bit.ly/47yYXiu,predoc.org,,"Researcher Names: Professor Matthew Rabin | Institution: Department of Economics and Business School, Harvard University | Research Fields: Psychologically-grounded economic theory | Application Deadline: Rolling",,,,url:https://bit.ly/47yYXiu,2026-06-11T00:04:16.368656+00:00,2026-06-11T00:07:19.670835+00:00
Empirical Research Fellow,"Northwestern University, Kellogg School of Management","Northwestern University, Kellogg School of Management","Quantitative Marketing, I/O Economics, Labor Economics",,"Anna Tuchman, Caio Waisman","December 18, 2025",,https://bit.ly/47RGte8,predoc.org,,"Researcher Names: Anna Tuchman, Caio Waisman | Institution: Northwestern University, Kellogg School of Management | Research Fields: Quantitative Marketing, I/O Economics, Labor Economics | Application Deadline: December 18, 2025",,,,url:https://bit.ly/47RGte8,2026-06-11T00:04:16.368656+00:00,2026-06-11T00:07:19.670835+00:00
Pre-Doctoral Fellow in Environmental Economics,Harvard University Salata Institute for Climate and Sustainability,Harvard University Salata Institute for Climate and Sustainability,"Environmental, agricultural, development, international trade, industrial organization",,"Ishan Nath, Anna Russo, Wolfram Schlenker, Charles Taylor","We will review applications on a rolling basis, starting November 17th.",,https://bit.ly/49rKZRS,predoc.org,,"Researcher Names: Ishan Nath, Anna Russo, Wolfram Schlenker, Charles Taylor | Institution: Harvard University Salata Institute for Climate and Sustainability | Research Fields: Environmental, agricultural, development, international trade, industrial organization | Application Deadline: We will review applications on a rolling basis, starting November 17th.",,,,url:https://bit.ly/49rKZRS,2026-06-11T00:04:16.368656+00:00,2026-06-11T00:07:19.670835+00:00
"Research Fellow, Constructive Disagreement Lab",Harvard Kennedy School,Harvard Kennedy School,Behavioral Science,,Julia Minson,Rolling review,,https://bit.ly/4nNSMxb,predoc.org,,Researcher Names: Julia Minson | Institution: Harvard Kennedy School | Research Fields: Behavioral Science | Application Deadline: Rolling review,,,,url:https://bit.ly/4nNSMxb,2026-06-11T00:04:16.368656+00:00,2026-06-11T00:07:19.670835+00:00
Junior Research Scientist (Prof Solomon & Prof Greenwald),"New York University, Stern School of Business, Finance Department","New York University, Stern School of Business, Finance Department","Finance, Public Economics, Environmental",,Daniel Greenwald and Adam Solomon,Rolling,,https://bit.ly/4opcwIn,predoc.org,,"Researcher Names: Daniel Greenwald and Adam Solomon | Institution: New York University, Stern School of Business, Finance Department | Research Fields: Finance, Public Economics, Environmental | Application Deadline: Rolling",,,,url:https://bit.ly/4opcwIn,2026-06-11T00:04:16.368656+00:00,2026-06-11T00:07:19.670835+00:00
Junior Research Scientist (Prof Gupta),NYU Stern School of Business,NYU Stern School of Business,"Real Estate, Artificial Intelligence",,Arpit Gupta and Alex Bartik,Nov 1 2025,,https://bit.ly/4oMWcRF,predoc.org,,"Researcher Names: Arpit Gupta and Alex Bartik | Institution: NYU Stern School of Business | Research Fields: Real Estate, Artificial Intelligence | Application Deadline: Nov 1 2025",,,,url:https://bit.ly/4oMWcRF,2026-06-11T00:04:16.368656+00:00,2026-06-11T00:07:19.670835+00:00
Empirical Research Fellow,"Finance Department, Kellogg School of Management, Northwestern University","Finance Department, Kellogg School of Management, Northwestern University",Finance,,"David Matsa, Jacopo Ponticelli, Filippo Mezzanotti, Carola Frydman, Dimitris Papanikolaou, Dean Karlan, etc.","We will review applications on a rolling basis, with a target initial review on October 31, 2025.",,https://bit.ly/3Jp4jEQ,predoc.org,,"Researcher Names: David Matsa, Jacopo Ponticelli, Filippo Mezzanotti, Carola Frydman, Dimitris Papanikolaou, Dean Karlan, etc. | Institution: Finance Department, Kellogg School of Management, Northwestern University | Research Fields: Finance | Application Deadline: We will review applications on a rolling basis, with a target initial review on October 31, 2025.",,,,url:https://bit.ly/3Jp4jEQ,2026-06-11T00:04:16.368656+00:00,2026-06-11T00:07:19.670835+00:00
Staff Associate II,Columbia Business School,Columbia Business School,Accounting,,Accounting Division,Rolling,"July 1, 2026",https://bit.ly/494YWFe,predoc.org,,"Researcher Names: Accounting Division | Institution: Columbia Business School | Research Fields: Accounting | Date Posted: July 1, 2026 | Application Deadline: Rolling",,,,url:https://bit.ly/494YWFe,2026-06-11T00:04:16.368656+00:00,2026-06-11T00:07:19.670835+00:00
Research Associate,"Department of Economics, Columbia University","Department of Economics, Columbia University","Empirical industrial organization, health economics, and economics of education",,Professors Sebastian Otero and Pietro Tebaldi,Rolling,,https://bit.ly/3KPyHZn,predoc.org,,"Researcher Names: Professors Sebastian Otero and Pietro Tebaldi | Institution: Department of Economics, Columbia University | Research Fields: Empirical industrial organization, health economics, and economics of education | Application Deadline: Rolling",,,,url:https://bit.ly/3KPyHZn,2026-06-11T00:04:16.368656+00:00,2026-06-11T00:07:19.670835+00:00
Pre-Doc in EconCS at Microsoft Research New England/New York City,Microsoft Research New England and New York City,Microsoft Research New England and New York City,"Economics, economics, information systems, computational social science, computer science",,"Nicole Immorlica, Eleonora Dillon, Sonia Jaffe, Markus Mobius, Brendan Lucier, Alex Slivkins, David Rothschild, Jake Hofman, Dan Goldstein","October 27, 5pm",,https://bit.ly/3W7TGJq,predoc.org,,"Researcher Names: Nicole Immorlica, Eleonora Dillon, Sonia Jaffe, Markus Mobius, Brendan Lucier, Alex Slivkins, David Rothschild, Jake Hofman, Dan Goldstein | Institution: Microsoft Research New England and New York City | Research Fields: Economics, economics, information systems, computational social science, computer science | Application Deadline: October 27, 5pm",,,,url:https://bit.ly/3W7TGJq,2026-06-11T00:04:16.368656+00:00,2026-06-11T00:07:19.670835+00:00
Research Associate,"Columbia University, Program for Economics Research","Columbia University, Program for Economics Research","Labor, Education, Health, Industrial Organization",,Professors Sebastian Otero and Pietro Tebaldi,Rolling,,https://bit.ly/47mYxg2,predoc.org,,"Researcher Names: Professors Sebastian Otero and Pietro Tebaldi | Institution: Columbia University, Program for Economics Research | Research Fields: Labor, Education, Health, Industrial Organization | Application Deadline: Rolling",,,,url:https://bit.ly/47mYxg2,2026-06-11T00:04:16.368656+00:00,2026-06-11T00:07:19.670835+00:00
Pre-Doctoral Researcher,"Behavior Change for Good Initiative at The Wharton School, University of Pennsylvania","Behavior Change for Good Initiative at The Wharton School, University of Pennsylvania",Behavioral Science,,Katy Milkman and Angela Duckworth,Rolling,June 2026 Pre-Doctoral Researcher,https://bit.ly/471CMm5,predoc.org,,"Researcher Names: Katy Milkman and Angela Duckworth | Institution: Behavior Change for Good Initiative at The Wharton School, University of Pennsylvania | Research Fields: Behavioral Science | Application Deadline: Rolling | Date Posted: June 2026 Pre-Doctoral Researcher",,,,url:https://bit.ly/471CMm5,2026-06-11T00:04:16.368656+00:00,2026-06-11T00:07:19.670835+00:00
Pre-Doctoral Fellows,Tobin Center for Economic Policy and Department of Economics at Yale University,Tobin Center for Economic Policy and Department of Economics at Yale University,"Accounting, Applied Microeconomics, Behavioral Economics, Development Economics, Economic Theory, Economics of Education, Environmental Economics, Experimental Economics, Finance, Health Economics, Industrial Organization, Labor Economics, Law and Economics, Macroeconomics, Market Design, Political Economy, Public Economics, Urban Economics",,"Joseph Altonji, David Argente, John Barrios, Lauren Bergquist, Leah Boustan, Cody Cook, Zack Cooper, John Geanakoplos, Stefano Giglio, Kenneth Gillingham, Paul Goldsmith-Pinkham, John Eric Humphries, Maria Kogelnik, Mushfiq Mobarak, Chima Ndumele, Christopher Neilson, Cormac O'Dea, Rohini Pande, Michael Peters, Aneesh Raghunandan, Nicholas Ryan, Natasha Sarin, Kelly Shue, Thomas Steffen, Winnie van Dijk, Diana Van Patten, Jacob Wallace, Edward Watts, Kai Hao Yang, Fabrizio Zilibotti, and Seth Zimmerman",Rolling,,https://bit.ly/4nHkXOM,predoc.org,,"Researcher Names: Joseph Altonji, David Argente, John Barrios, Lauren Bergquist, Leah Boustan, Cody Cook, Zack Cooper, John Geanakoplos, Stefano Giglio, Kenneth Gillingham, Paul Goldsmith-Pinkham, John Eric Humphries, Maria Kogelnik, Mushfiq Mobarak, Chima Ndumele, Christopher Neilson, Cormac O'Dea, Rohini Pande, Michael Peters, Aneesh Raghunandan, Nicholas Ryan, Natasha Sarin, Kelly Shue, Thomas Steffen, Winnie van Dijk, Diana Van Patten, Jacob Wallace, Edward Watts, Kai Hao Yang, Fabrizio Zilibotti, and Seth Zimmerman | Institution: Tobin Center for Economic Policy and Department of Economics at Yale University | Research Fields: Accounting, Applied Microeconomics, Behavioral Economics, Development Economics, Economic Theory, Economics of Education, Environmental Economics, Experimental Economics, Finance, Health Economics, Industrial Organization, Labor Economics, Law and Economics, Macroeconomics, Market Design, Political Economy, Public Economics, Urban Economics | Application Deadline: Rolling",,,,url:https://bit.ly/4nHkXOM,2026-06-11T00:04:16.368656+00:00,2026-06-11T00:07:19.670835+00:00
Social Policy Research Fellow Position (Pre-Doc),Boston University School of Social Work,Boston University School of Social Work,"Social Policy (related fields are education, public policy, poverty economics, behavioral science, and statistics)",,Dr. Yoonsook Ha,Applications are reviewed on a rolling basis until all positions are filled.,,https://bit.ly/4nK9gae,predoc.org,,"Researcher Names: Dr. Yoonsook Ha | Institution: Boston University School of Social Work | Research Fields: Social Policy (related fields are education, public policy, poverty economics, behavioral science, and statistics) | Application Deadline: Applications are reviewed on a rolling basis until all positions are filled.",,,,url:https://bit.ly/4nK9gae,2026-06-11T00:04:16.368656+00:00,2026-06-11T00:07:19.670835+00:00
Research Professional,The University of Chicago Booth School of Business,The University of Chicago Booth School of Business,"Finance, macroeconomics, theory, IO, market microstructure",,Quentin Vandeweyer and Anthony Lee Zhang,"Rolling, with an initial review on 10/20/25",,https://bit.ly/46U9dBD,predoc.org,,"Researcher Names: Quentin Vandeweyer and Anthony Lee Zhang | Institution: The University of Chicago Booth School of Business | Research Fields: Finance, macroeconomics, theory, IO, market microstructure | Application Deadline: Rolling, with an initial review on 10/20/25",,,,url:https://bit.ly/46U9dBD,2026-06-11T00:04:16.368656+00:00,2026-06-11T00:07:19.670835+00:00
Research Assistant,Federal Reserve Banks (various locations),Federal Reserve Banks (various locations),"Economics, finance, econometrics and statistics",,,Hiring periods vary by location,,https://bit.ly/4nsSfBo,predoc.org,,"Institution: Federal Reserve Banks (various locations) | Research Fields: Economics, finance, econometrics and statistics | Application Deadline: Hiring periods vary by location",,,,url:https://bit.ly/4nsSfBo,2026-06-11T00:04:16.368656+00:00,2026-06-11T00:07:19.670835+00:00
Pre-Doctoral Fellowship in Economics of Education,"Department of Economics, University of Toronto","Department of Economics, University of Toronto","Applied Microeconomics, Education",,"Profs. Gustavo Bobonis , Raissa Fabregas , Orlando Sotomayor , Román Andrés Zárate , and Philip Oreopoulos",Applications reviewed on a rolling basis until filled. Early applications encouraged.,,https://bit.ly/46WzCQ8,predoc.org,,"Researcher Names: Profs. Gustavo Bobonis , Raissa Fabregas , Orlando Sotomayor , Román Andrés Zárate , and Philip Oreopoulos | Institution: Department of Economics, University of Toronto | Research Fields: Applied Microeconomics, Education | Application Deadline: Applications reviewed on a rolling basis until filled. Early applications encouraged.",,,,url:https://bit.ly/46WzCQ8,2026-06-11T00:04:16.368656+00:00,2026-06-11T00:07:19.670835+00:00
Pre-Doctoral Fellow,University of Chicago,University of Chicago,,,Bruce Meyer,"October 15, 2025 (and rolling thereafter)",,https://bit.ly/3WeAwBn,predoc.org,,"Researcher Names: Bruce Meyer | Institution: University of Chicago | Application Deadline: October 15, 2025 (and rolling thereafter)",,,,url:https://bit.ly/3WeAwBn,2026-06-11T00:04:16.368656+00:00,2026-06-11T00:07:19.670835+00:00
Pre-Doctoral Research Fellow,,,"Household finance, macroeconomics, behavioral economics, and public finance",,Tim de Silva,"The application deadline is October 17th, 2025. Applications submitted after the deadline will be considered on a rolling basis.",,https://bit.ly/4pFJJjE,predoc.org,,"Researcher Names: Tim de Silva | Research Fields: Household finance, macroeconomics, behavioral economics, and public finance | Application Deadline: The application deadline is October 17th, 2025. Applications submitted after the deadline will be considered on a rolling basis.",,,,url:https://bit.ly/4pFJJjE,2026-06-11T00:04:16.368656+00:00,2026-06-11T00:07:19.670835+00:00
Pre-Doctoral Research Fellow,University of Pennsylvania,University of Pennsylvania,"Applied microeconomics,focusing on projects on the digital economy, transportation and urban economics, and industrial organization.",,"Juan Camilo Castillo, Pinar Yildirim",,,https://www.nber.org/sites/default/files/2026-02/Job%20Announcement%20-%20Predoc%202026.pdf,nber.org,,"Researcher(s): Juan Camilo Castillo, Pinar Yildirim | Institution: University of Pennsylvania | Fields: Applied microeconomics,focusing on projects on the digital economy, transportation and urban economics, and industrial organization.",Pre-Doctoral Research Fellow,,,url:https://www.nber.org/sites/default/files/2026-02/Job%20Announcement%20-%20Predoc%202026.pdf,2026-06-11T00:04:16.368656+00:00,2026-06-11T00:07:19.670835+00:00
"Predoctoral Researcher, Health Care and AI",MIT,MIT,"Economics, Workforce/Labor, Education",,Nikhil Agarwal,,,https://blueprintlabs.mit.edu/careers/predoctoral-researcher/,nber.org,,Researcher(s): Nikhil Agarwal | Institution: MIT,Pre-Doctoral Research Fellow,,,url:https://blueprintlabs.mit.edu/careers/predoctoral-researcher,2026-06-11T00:04:16.368656+00:00,2026-06-11T00:07:19.670835+00:00
Research Associate,Inclusion Economics India Centre at IFMR (in partnership with Yale University),Inclusion Economics India Centre at IFMR (in partnership with Yale University),Economic research,,Rohini Pande,,,https://ie.yale.edu/opportunities/research-associate-inclusion-economics-india-centre-ifmr,nber.org,,Researcher(s): Rohini Pande | Institution: Inclusion Economics India Centre at IFMR (in partnership with Yale University) | Fields: Economic research,Pre-Doctoral Research Fellow,,,url:https://ie.yale.edu/opportunities/research-associate-inclusion-economics-india-centre-ifmr,2026-06-11T00:04:16.368656+00:00,2026-06-11T00:07:19.670835+00:00
Research Associate,Women in Leadership in Economics (WiL) (in partnership with Yale University),Women in Leadership in Economics (WiL) (in partnership with Yale University),Economic research,,Rohini Pande,,,https://ie.yale.edu/opportunities/research-associate-women-leadership-economics-wil,nber.org,,Researcher(s): Rohini Pande | Institution: Women in Leadership in Economics (WiL) (in partnership with Yale University) | Fields: Economic research,Pre-Doctoral Research Fellow,,,url:https://ie.yale.edu/opportunities/research-associate-women-leadership-economics-wil,2026-06-11T00:04:16.368656+00:00,2026-06-11T00:07:19.670835+00:00
Research Associate (Gender Portfolio),Inclusion Economics India Centre at IFMR (in partnership with Yale University),Inclusion Economics India Centre at IFMR (in partnership with Yale University),Economic research,,Rohini Pande,,,https://ie.yale.edu/opportunities/research-associate-gender-portfolio-inclusion-economics-india-centre-ifmr,nber.org,,Researcher(s): Rohini Pande | Institution: Inclusion Economics India Centre at IFMR (in partnership with Yale University) | Fields: Economic research,Pre-Doctoral Research Fellow,,,url:https://ie.yale.edu/opportunities/research-associate-gender-portfolio-inclusion-economics-india-centre-ifmr,2026-06-11T00:04:16.368656+00:00,2026-06-11T00:07:19.670835+00:00
Senior Research Associate/Research Associate (Environment & Governance Portfolio),Inclusion Economics India Centre at IFMR (in partnership with Yale University),Inclusion Economics India Centre at IFMR (in partnership with Yale University),Economic research,,Rohini Pande,,,https://ie.yale.edu/opportunities/senior-research-associateresearch-associate-environment-governance-portfolio-inclusion-economics-0,nber.org,,Researcher(s): Rohini Pande | Institution: Inclusion Economics India Centre at IFMR (in partnership with Yale University) | Fields: Economic research,Pre-Doctoral Research Fellow,,,url:https://ie.yale.edu/opportunities/senior-research-associateresearch-associate-environment-governance-portfolio-inclusion-economics-0,2026-06-11T00:04:16.368656+00:00,2026-06-11T00:07:19.670835+00:00
Research Associate,Inclusion Economics Nepal at Governance Lab (in partnership with Yale University),Inclusion Economics Nepal at Governance Lab (in partnership with Yale University),Economic research,,Rohini Pande,,,https://ie.yale.edu/opportunities/research-associate-inclusion-economics-nepal-governance-lab,nber.org,,Researcher(s): Rohini Pande | Institution: Inclusion Economics Nepal at Governance Lab (in partnership with Yale University) | Fields: Economic research,Pre-Doctoral Research Fellow,,,url:https://ie.yale.edu/opportunities/research-associate-inclusion-economics-nepal-governance-lab,2026-06-11T00:04:16.368656+00:00,2026-06-11T00:07:19.670835+00:00
Research Manager,Inclusion Economics Nepal at Governance Lab (in partnership with Yale University),Inclusion Economics Nepal at Governance Lab (in partnership with Yale University),Economic research,,Rohini Pande,,,https://ie.yale.edu/opportunities/research-manager-inclusion-economics-nepal-governance-lab,nber.org,,Researcher(s): Rohini Pande | Institution: Inclusion Economics Nepal at Governance Lab (in partnership with Yale University) | Fields: Economic research,Pre-Doctoral Research Fellow,,,url:https://ie.yale.edu/opportunities/research-manager-inclusion-economics-nepal-governance-lab,2026-06-11T00:04:16.368656+00:00,2026-06-11T00:07:19.670835+00:00
Research Associate/Predoctoral Fellow,Yale Inclusion Economics,Yale Inclusion Economics,Economic research,,Rohini Pande,,,https://ie.yale.edu/opportunities/research-associatepredoctoral-fellow-yale-inclusion-economics,nber.org,,Researcher(s): Rohini Pande | Institution: Yale Inclusion Economics | Fields: Economic research,Pre-Doctoral Research Fellow,,,url:https://ie.yale.edu/opportunities/research-associatepredoctoral-fellow-yale-inclusion-economics,2026-06-11T00:04:16.368656+00:00,2026-06-11T00:07:19.670835+00:00
Research Assistant,Northwestern University,Northwestern University,"Household finance, corporate finance, development economics",,Sean Higgins,,,https://seankhiggins.com/assets/pdf/survey_ra_call.pdf,nber.org,,"Researcher(s): Sean Higgins | Institution: Northwestern University | Fields: Household finance, corporate finance, development economics",Pre-Doctoral Research Fellow,,,url:https://seankhiggins.com/assets/pdf/survey_ra_call.pdf,2026-06-11T00:04:16.368656+00:00,2026-06-11T00:07:19.670835+00:00
Predoctoral Research Associate,"University of California, San Diego","University of California, San Diego","Applied AI, Applied Economics, Urban Economics",,Anya Samek,,,https://docs.google.com/forms/d/e/1FAIpQLSdgxaYSuRsGw9n2oSydwdXF2naq8yHv9GxQCGUM28iIlB105w/viewform,nber.org,,"Researcher(s): Anya Samek | Institution: University of California, San Diego | Fields: Applied AI, Applied Economics, Urban Economics",Pre-Doctoral Research Fellow,,,url:https://docs.google.com/forms/d/e/1FAIpQLSdgxaYSuRsGw9n2oSydwdXF2naq8yHv9GxQCGUM28iIlB105w/viewform,2026-06-11T00:04:16.368656+00:00,2026-06-11T00:07:19.670835+00:00
Pre-doctoral Research Fellowship,Harvard University,Harvard University,"Health Economics, Public Economics, Health Policy",,Leila Agha,,,https://www.leilaagha.com/rahire,nber.org,,"Researcher(s): Leila Agha | Institution: Harvard University | Fields: Health Economics, Public Economics, Health Policy",Pre-Doctoral Research Fellow,,,url:https://www.leilaagha.com/rahire,2026-06-11T00:04:16.368656+00:00,2026-06-11T00:07:19.670835+00:00
Pre-doctoral Fellowship,Harvard Business School,Harvard Business School,"Private Equity, Venture Capital, Innovation",,Victoria Ivashina and Josh Lerner,,,https://www.nber.org/sites/default/files/2026-05/Lerner_predoctoralfellow_2026.pdf,nber.org,,"Researcher(s): Victoria Ivashina and Josh Lerner | Institution: Harvard Business School | Fields: Private Equity, Venture Capital, Innovation",Pre-Doctoral Research Fellow,,,url:https://www.nber.org/sites/default/files/2026-05/Lerner_predoctoralfellow_2026.pdf,2026-06-11T00:04:16.368656+00:00,2026-06-11T00:07:19.670835+00:00
Research Professional,Becker Friedman Institute for Economics at the University of Chicago,Becker Friedman Institute for Economics at the University of Chicago,AI and Machine Learning for Social Impact,,Oeindrila Dube,,,https://job-boards.greenhouse.io/bfiprep/jobs/7704626003,nber.org,,Researcher(s): Oeindrila Dube | Institution: Becker Friedman Institute for Economics at the University of Chicago | Fields: AI and Machine Learning for Social Impact,Pre-Doctoral Research Fellow,,,url:https://job-boards.greenhouse.io/bfiprep/jobs/7704626003,2026-06-11T00:04:16.368656+00:00,2026-06-11T00:07:19.670835+00:00
Research Professional,Becker Friedman Institute for Economics at the University of Chicago,Becker Friedman Institute for Economics at the University of Chicago,Development economics and political economy,,Oeindrila Dube,,,https://job-boards.greenhouse.io/bfiprep/jobs/7704635003,nber.org,,Researcher(s): Oeindrila Dube | Institution: Becker Friedman Institute for Economics at the University of Chicago | Fields: Development economics and political economy,Pre-Doctoral Research Fellow,,,url:https://job-boards.greenhouse.io/bfiprep/jobs/7704635003,2026-06-11T00:04:16.368656+00:00,2026-06-11T00:07:19.670835+00:00
Post-Graduate Associate,Yale’s Research Initiative on Innovation & Scale (Y-RISE),Yale’s Research Initiative on Innovation & Scale (Y-RISE),Development economics focused on scaling interventions in low-income countries,,,,,https://apply.interfolio.com/174070,nber.org,,Institution: Yale’s Research Initiative on Innovation & Scale (Y-RISE) | Fields: Development economics focused on scaling interventions in low-income countries,Pre-Doctoral Research Fellow,,,url:https://apply.interfolio.com/174070,2026-06-11T00:04:16.368656+00:00,2026-06-11T00:07:19.670835+00:00
Senior Research Manager,"Harvard University, Center for Education Policy Research","Harvard University, Center for Education Policy Research",Economics of Education,,Eric Taylor,,,https://careers.harvard.edu/job/senior-research-manager-in-cambridge-ma-united-states-jid-1143,nber.org,,"Researcher(s): Eric Taylor | Institution: Harvard University, Center for Education Policy Research | Fields: Economics of Education",Pre-Doctoral Research Fellow,,,url:https://careers.harvard.edu/job/senior-research-manager-in-cambridge-ma-united-states-jid-1143,2026-06-11T00:04:16.368656+00:00,2026-06-11T00:07:19.670835+00:00
Postdoctoral Fellow,"Harvard University, Center for Education Policy Research","Harvard University, Center for Education Policy Research",Economics of Education,,Eric Taylor,,,https://apply.interfolio.com/183181,nber.org,,"Researcher(s): Eric Taylor | Institution: Harvard University, Center for Education Policy Research | Fields: Economics of Education",Pre-Doctoral Research Fellow,,,url:https://apply.interfolio.com/183181,2026-06-11T00:04:16.368656+00:00,2026-06-11T00:07:19.670835+00:00
Research Professional,Becker Friedman Institute for Economics at the University of Chicago,Becker Friedman Institute for Economics at the University of Chicago,Spatial economics and economic geography,,"Esteban Rossi-Hansberg, Rodrigo Adao",,,https://job-boards.greenhouse.io/bfiprep/jobs/7646409003,nber.org,,"Researcher(s): Esteban Rossi-Hansberg, Rodrigo Adao | Institution: Becker Friedman Institute for Economics at the University of Chicago | Fields: Spatial economics and economic geography",Pre-Doctoral Research Fellow,,,url:https://job-boards.greenhouse.io/bfiprep/jobs/7646409003,2026-06-11T00:04:16.368656+00:00,2026-06-11T00:07:19.670835+00:00
Predoctoral Research Fellows,"Harvard University, Kennedy School","Harvard University, Kennedy School",,,,,,https://www.hks.harvard.edu/centers/wiener/programs/economy/about/opportunities#predoc,nber.org,,"Institution: Harvard University, Kennedy School",Pre-Doctoral Research Fellow,,,url:https://www.hks.harvard.edu/centers/wiener/programs/economy/about/opportunities,2026-06-11T00:04:16.368656+00:00,2026-06-11T00:07:19.670835+00:00
Full-Time Pre-Doctoral Fellow/Research Assistant,"University of Toronto, Department of Economics and Rotman School of Management","University of Toronto, Department of Economics and Rotman School of Management",Applied Economics,,Stephan Heblich,,,https://foslab.org/join-our-team/pre-doc-fellowships/pre-doctoral-fellowship-in-applied-economics/,nber.org,,"Researcher(s): Stephan Heblich | Institution: University of Toronto, Department of Economics and Rotman School of Management | Fields: Applied Economics",Pre-Doctoral Research Fellow,,,url:https://foslab.org/join-our-team/pre-doc-fellowships/pre-doctoral-fellowship-in-applied-economics,2026-06-11T00:04:16.368656+00:00,2026-06-11T00:07:19.670835+00:00
Research Position,Stanford University,Stanford University,Health Economics,,"Maya Rossin-Slater, Adrienne Sabety",,,https://www.nber.org/sites/default/files/2026-02/Job_posting_2025-26.pdf,nber.org,,"Researcher(s): Maya Rossin-Slater, Adrienne Sabety | Institution: Stanford University | Fields: Health Economics",Pre-Doctoral Research Fellow,,,url:https://www.nber.org/sites/default/files/2026-02/Job_posting_2025-26.pdf,2026-06-11T00:04:16.368656+00:00,2026-06-11T00:07:19.670835+00:00
Research Professional,The University of Chicago Booth School of Business,The University of Chicago Booth School of Business,"Macroeconomics, Finance, spatial economics, fiscal policy, housing",,Leonardo D’Amico and Guido Lorenzoni,,,https://www.chicagobooth.edu/-/media/faculty/research-professional-program/job-ads/2025-26/rpdamicolorenzoni.pdf,nber.org,,"Researcher(s): Leonardo D’Amico and Guido Lorenzoni | Institution: The University of Chicago Booth School of Business | Fields: Macroeconomics, Finance, spatial economics, fiscal policy, housing",Pre-Doctoral Research Fellow,,,url:https://www.chicagobooth.edu/-/media/faculty/research-professional-program/job-ads/2025-26/rpdamicolorenzoni.pdf,2026-06-11T00:04:16.368656+00:00,2026-06-11T00:07:19.670835+00:00
Pre-Doctoral Research Fellow,"University of California, Los Angeles","University of California, Los Angeles","Applied microeconomics, including health economics, industrial organization, and finance",,Ashvin Gandhi,,,https://ucla.box.com/v/GandhiRAPosting,nber.org,,"Researcher(s): Ashvin Gandhi | Institution: University of California, Los Angeles | Fields: Applied microeconomics, including health economics, industrial organization, and finance",Pre-Doctoral Research Fellow,,,url:https://ucla.box.com/v/GandhiRAPosting,2026-06-11T00:04:16.368656+00:00,2026-06-11T00:07:19.670835+00:00
Research Analyst,"Northwestern University, Global Poverty Research Lab","Northwestern University, Global Poverty Research Lab",Development economics,,"Lori Beaman, Andrew Dillon, Dean Karlan, Chris Udry",,,https://www.linkedin.com/jobs/view/4368081432/,nber.org,,"Researcher(s): Lori Beaman, Andrew Dillon, Dean Karlan, Chris Udry | Institution: Northwestern University, Global Poverty Research Lab | Fields: Development economics",Pre-Doctoral Research Fellow,,,url:https://www.linkedin.com/jobs/view/4368081432,2026-06-11T00:04:16.368656+00:00,2026-06-11T00:07:19.670835+00:00
Empirical Research Fellow,"Northwestern University, Kellogg School of Management","Northwestern University, Kellogg School of Management",Economics with an emphasis on healthcare,,Amanda Starc & Craig Garthwaite,,,https://facultyrecruiting.northwestern.edu/apply/MjQ5Mg==,nber.org,,"Researcher(s): Amanda Starc & Craig Garthwaite | Institution: Northwestern University, Kellogg School of Management | Fields: Economics with an emphasis on healthcare",Pre-Doctoral Research Fellow,,,url:https://facultyrecruiting.northwestern.edu/apply/MjQ5Mg==,2026-06-11T00:04:16.368656+00:00,2026-06-11T00:07:19.670835+00:00
Post-Doctoral Fellowship,Harvard Kennedy School,Harvard Kennedy School,"Sociology, Economics, Public Policy, Industrial Relations",,David N. Weil,,,"https://shift.hks.harvard.edu/post-doctoral-fellowships-open/""",nber.org,,"Researcher(s): David N. Weil | Institution: Harvard Kennedy School | Fields: Sociology, Economics, Public Policy, Industrial Relations",Pre-Doctoral Research Fellow,,,"url:https://shift.hks.harvard.edu/post-doctoral-fellowships-open/""",2026-06-11T00:04:16.368656+00:00,2026-06-11T00:07:19.670835+00:00
Pre-doctoral Research Fellowship,"Yale, New York University","Yale, New York University","Finance, Climate Finance",,"Stefano Giglio, Johannes Stroebel",,,https://www.dropbox.com/scl/fi/06feho65xyw1t3qa4sa6m/Tobin2025_post.pdf?rlkey=i90pc6lzxidkqhb2ui9wy6w3g&dl=0,nber.org,,"Researcher(s): Stefano Giglio, Johannes Stroebel | Institution: Yale, New York University | Fields: Finance, Climate Finance",Pre-Doctoral Research Fellow,,,url:https://www.dropbox.com/scl/fi/06feho65xyw1t3qa4sa6m/Tobin2025_post.pdf?rlkey=i90pc6lzxidkqhb2ui9wy6w3g&dl=0,2026-06-11T00:04:16.368656+00:00,2026-06-11T00:07:19.670835+00:00
Research Professional,"Washington University, UIUC","Washington University, UIUC","Corporate Finance, Entrepreneurship",,Margarita Tsoutsoura,,,https://forms.gle/tXsgc1RJMNaFEzbE6,nber.org,,"Researcher(s): Margarita Tsoutsoura | Institution: Washington University, UIUC | Fields: Corporate Finance, Entrepreneurship",Pre-Doctoral Research Fellow,,,url:https://forms.gle/tXsgc1RJMNaFEzbE6,2026-06-11T00:04:16.368656+00:00,2026-06-11T00:07:19.670835+00:00
Pre-doctoral Researcher - Technical Associate,Massachusetts Institute of Technology,Massachusetts Institute of Technology,,,Emil Verner and David Thesmar,,,https://apply.interfolio.com/180113,nber.org,,Researcher(s): Emil Verner and David Thesmar | Institution: Massachusetts Institute of Technology,Pre-Doctoral Research Fellow,,,url:https://apply.interfolio.com/180113,2026-06-11T00:04:16.368656+00:00,2026-06-11T00:07:19.670835+00:00
"Predoctoral Researcher, Policy Impacts",MIT,MIT,,,Nathaniel Hendren,,,https://policyimpacts.org/announcements/now-hiring-predoctoral-researcher/,nber.org,,Researcher(s): Nathaniel Hendren | Institution: MIT,Pre-Doctoral Research Fellow,,,url:https://policyimpacts.org/announcements/now-hiring-predoctoral-researcher,2026-06-11T00:04:16.368656+00:00,2026-06-11T00:07:19.670835+00:00
Predoctoral Research Associate,Harvard University (Business School),Harvard University (Business School),Economics,,Jesse Shapiro,,,https://careers.harvard.edu/job/predoctoral-research-associate-summer-2026-in-boston-ma-united-states-jid-510,nber.org,,Researcher(s): Jesse Shapiro | Institution: Harvard University (Business School) | Fields: Economics,Pre-Doctoral Research Fellow,,,url:https://careers.harvard.edu/job/predoctoral-research-associate-summer-2026-in-boston-ma-united-states-jid-510,2026-06-11T00:04:16.368656+00:00,2026-06-11T00:07:19.670835+00:00
Research Assistant,Harvard Medical School; Dept. of Health Care Policy,Harvard Medical School; Dept. of Health Care Policy,Health and Labor Economics,,Nicole Maestas,,,https://www.nber.org/sites/default/files/2025-12/RA%20Job%20Listing%20for%20NBER%20Posting%202025-2026.docx,nber.org,,Researcher(s): Nicole Maestas | Institution: Harvard Medical School; Dept. of Health Care Policy | Fields: Health and Labor Economics,Pre-Doctoral Research Fellow,,,url:https://www.nber.org/sites/default/files/2025-12/RA%20Job%20Listing%20for%20NBER%20Posting%202025-2026.docx,2026-06-11T00:04:16.368656+00:00,2026-06-11T00:07:19.670835+00:00
Junior Research Scientist,New York University,New York University,"Asset pricing, macro-finance, and valuation of risk",,Alan Moreira and Indira Puri,,,https://apply.interfolio.com/178808,nber.org,,"Researcher(s): Alan Moreira and Indira Puri | Institution: New York University | Fields: Asset pricing, macro-finance, and valuation of risk",Pre-Doctoral Research Fellow,,,url:https://apply.interfolio.com/178808,2026-06-11T00:04:16.368656+00:00,2026-06-11T00:07:19.670835+00:00
Pre-Doctoral Research Specialist,"University of Pennsylvania, Wharton School","University of Pennsylvania, Wharton School","Applied Microeconomics, real estate, urban economics, household finance, public finance, industrial organization, development",,"Joseph Gyourko, Todd Sinai, Fernando Ferreira, Maisy Wong, Ben Keys",,,https://wd1.myworkdaysite.com/recruiting/upenn/careers-at-penn/job/Dinan-Hall---4th-Floor/Pre-Doctoral-Research-Specialist--Real-Estate-Center-at-the-Wharton-School_JR00112439-1,nber.org,,"Researcher(s): Joseph Gyourko, Todd Sinai, Fernando Ferreira, Maisy Wong, Ben Keys | Institution: University of Pennsylvania, Wharton School",Pre-Doctoral Research Fellow,,,url:https://wd1.myworkdaysite.com/recruiting/upenn/careers-at-penn/job/Dinan-Hall---4th-Floor/Pre-Doctoral-Research-Specialist--Real-Estate-Center-at-the-Wharton-School_JR00112439-1,2026-06-11T00:04:16.368656+00:00,2026-06-11T00:07:19.670835+00:00
Pre-Doctoral Research Assistant,"West Point Field(s) of research: Labor, Public, Education, and Health economics","West Point Field(s) of research: Labor, Public, Education, and Health economics",,,Kyle Greenberg,,,https://recruiting.paylocity.com/Recruiting/Jobs/Details/3767053,nber.org,,"Researcher(s): Kyle Greenberg | Institution: West Point Field(s) of research: Labor, Public, Education, and Health economics",Pre-Doctoral Research Fellow,,,url:https://recruiting.paylocity.com/Recruiting/Jobs/Details/3767053,2026-06-11T00:04:16.368656+00:00,2026-06-11T00:07:19.670835+00:00
Postbaccalaureate Fellow,Dartmouth College,Dartmouth College,"Applied microeconomics, labor economics, public economics, American economic history",,,,,https://apply.interfolio.com/179106,nber.org,,"Institution: Dartmouth College | Fields: Applied microeconomics, labor economics, public economics, American economic history",Pre-Doctoral Research Fellow,,,url:https://apply.interfolio.com/179106,2026-06-11T00:04:16.368656+00:00,2026-06-11T00:07:19.670835+00:00
Postbaccalaureate Fellow,Dartmouth College,Dartmouth College,"Labor Economics, Public Economics",,Elizabeth U. Cascio and Ethan G. Lewis,,,https://apply.interfolio.com/179103,nber.org,,"Researcher(s): Elizabeth U. Cascio and Ethan G. Lewis | Institution: Dartmouth College | Fields: Labor Economics, Public Economics",Pre-Doctoral Research Fellow,,,url:https://apply.interfolio.com/179103,2026-06-11T00:04:16.368656+00:00,2026-06-11T00:07:19.670835+00:00
Research Assistant,University of Michigan,University of Michigan,Health Economics and Econometrics,,"Amanda Kowalski, David Chan",,,https://users.nber.org/~kowalski/Kowalski.Latest.RA.Posting.pdf,nber.org,,"Researcher(s): Amanda Kowalski, David Chan | Institution: University of Michigan | Fields: Health Economics and Econometrics",Pre-Doctoral Research Fellow,,,url:https://users.nber.org/~kowalski/Kowalski.Latest.RA.Posting.pdf,2026-06-11T00:04:16.368656+00:00,2026-06-11T00:07:19.670835+00:00
Social Science Post-Baccalaureate Scholar,Dartmouth College,Dartmouth College,"Gender, Development, Labor",,,,,https://apply.interfolio.com/178608,nber.org,,"Institution: Dartmouth College | Fields: Gender, Development, Labor",Pre-Doctoral Research Fellow,,,url:https://apply.interfolio.com/178608,2026-06-11T00:04:16.368656+00:00,2026-06-11T00:07:19.670835+00:00
Pre-Doctoral Fellow,"Yale University, School of Public Health","Yale University, School of Public Health","Health Economics, Health Policy, Medicaid Policy",,,,,https://tobin.yale.edu/opportunities/economics-safety-net,nber.org,,"Institution: Yale University, School of Public Health | Fields: Health Economics, Health Policy, Medicaid Policy",Pre-Doctoral Research Fellow,,,url:https://tobin.yale.edu/opportunities/economics-safety-net,2026-06-11T00:04:16.368656+00:00,2026-06-11T00:07:19.670835+00:00
Research Specialist (pre-doctoral),Dartmouth College,Dartmouth College,"Finance, Development Economics, Applied Contract Theory",,Jonathan Zinman,,,https://apply.interfolio.com/177873,nber.org,,"Researcher(s): Jonathan Zinman | Institution: Dartmouth College | Fields: Finance, Development Economics, Applied Contract Theory",Pre-Doctoral Research Fellow,,,url:https://apply.interfolio.com/177873,2026-06-11T00:04:16.368656+00:00,2026-06-11T00:07:19.670835+00:00
Associate in Research/ Predoctoral Research Fellow,"Duke Development Economics Lab (DevLab@Duke), Department of Economics, Duke University","Duke Development Economics Lab (DevLab@Duke), Department of Economics, Duke University",Development economics,,Erica Field,,,https://academicjobsonline.org/ajo/jobs/31062,nber.org,,"Researcher(s): Erica Field | Institution: Duke Development Economics Lab (DevLab@Duke), Department of Economics, Duke University | Fields: Development economics",Pre-Doctoral Research Fellow,,,url:https://academicjobsonline.org/ajo/jobs/31062,2026-06-11T00:04:16.368656+00:00,2026-06-11T00:07:19.670835+00:00
Pre-doctoral Research Fellowship,Dartmouth College,Dartmouth College,"Development Economics, Labor Economics",,Eric Edmonds,,,https://apply.interfolio.com/176510,nber.org,,"Researcher(s): Eric Edmonds | Institution: Dartmouth College | Fields: Development Economics, Labor Economics",Pre-Doctoral Research Fellow,,,url:https://apply.interfolio.com/176510,2026-06-11T00:04:16.368656+00:00,2026-06-11T00:07:19.670835+00:00
Research Professional,The University of Chicago,The University of Chicago,,,,,,https://marketshaping.uchicago.edu/research-professional-2026/,nber.org,,Institution: The University of Chicago,Pre-Doctoral Research Fellow,,,url:https://marketshaping.uchicago.edu/research-professional-2026,2026-06-11T00:04:16.368656+00:00,2026-06-11T00:07:19.670835+00:00
Pre-Doctoral Technical Associate,"MIT Sloan School of Management Fields of Research: Household and consumer finance, behavioral economics, asset pricing, macroeconomics, and micro-econometrics.","MIT Sloan School of Management Fields of Research: Household and consumer finance, behavioral economics, asset pricing, macroeconomics, and micro-econometrics.",,,Taha Choukhmane,,,https://apply.interfolio.com/176512,nber.org,,"Researcher(s): Taha Choukhmane | Institution: MIT Sloan School of Management Fields of Research: Household and consumer finance, behavioral economics, asset pricing, macroeconomics, and micro-econometrics.",Pre-Doctoral Research Fellow,,,url:https://apply.interfolio.com/176512,2026-06-11T00:04:16.368656+00:00,2026-06-11T00:07:19.670835+00:00
Junior Research Scientist,"New York University, Leonard N. Stern School of Business","New York University, Leonard N. Stern School of Business",Finance,,Daniel Greenwald,,,https://apply.interfolio.com/176733,nber.org,,"Researcher(s): Daniel Greenwald | Institution: New York University, Leonard N. Stern School of Business | Fields: Finance",Pre-Doctoral Research Fellow,,,url:https://apply.interfolio.com/176733,2026-06-11T00:04:16.368656+00:00,2026-06-11T00:07:19.670835+00:00
Pre-doctoral Researcher,MIT Sloan School of Management,MIT Sloan School of Management,,,,,,https://apply.interfolio.com/176006,nber.org,,Institution: MIT Sloan School of Management,Pre-Doctoral Research Fellow,,,url:https://apply.interfolio.com/176006,2026-06-11T00:04:16.368656+00:00,2026-06-11T00:07:19.670835+00:00
Empirical Research Fellow,"Finance Department, Kellogg School of Management, Northwestern University","Finance Department, Kellogg School of Management, Northwestern University",,,,,,https://facultyrecruiting.northwestern.edu/apply/MjQ0NQ==,nber.org,,"Institution: Finance Department, Kellogg School of Management, Northwestern University",Pre-Doctoral Research Fellow,,,url:https://facultyrecruiting.northwestern.edu/apply/MjQ0NQ==,2026-06-11T00:04:16.368656+00:00,2026-06-11T00:07:19.670835+00:00
Predoctoral Researcher,University of Pennsylvania,University of Pennsylvania,Behavioral economics,,John Beshears,,,https://wd1.myworkdaysite.com/recruiting/upenn/careers-at-penn/job/Solomon-Lab-Psychology/Pre-Doctoral-Research-Specialist_JR00113171-1,nber.org,,Researcher(s): John Beshears | Institution: University of Pennsylvania | Fields: Behavioral economics,Pre-Doctoral Research Fellow,,,url:https://wd1.myworkdaysite.com/recruiting/upenn/careers-at-penn/job/Solomon-Lab-Psychology/Pre-Doctoral-Research-Specialist_JR00113171-1,2026-06-11T00:04:16.368656+00:00,2026-06-11T00:07:19.670835+00:00
Pre-Doctoral Technical Associate,MIT Sloan School of Management,MIT Sloan School of Management,"Cryptocurrency, FinTech and Consumer Finance",,Antoinette Schoar,,,https://apply.interfolio.com/175274,nber.org,,"Researcher(s): Antoinette Schoar | Institution: MIT Sloan School of Management | Fields: Cryptocurrency, FinTech and Consumer Finance",Pre-Doctoral Research Fellow,,,url:https://apply.interfolio.com/175274,2026-06-11T00:04:16.368656+00:00,2026-06-11T00:07:19.670835+00:00
Pre-Doctoral Fellow,Tobin Center for Economic Policy and Department of Economics at Yale University,Tobin Center for Economic Policy and Department of Economics at Yale University,"Accounting, Applied Microeconomics, Behavioral Economics, Development Economics, Economic Theory, Economics of Education, Environmental Economics, Experimental Economics, Finance, Health Economics, Industrial Organization, Labor Economics, Law and Economics, Macroeconomics, Market Design, Political Economy, Public Economics, Urban Economics",,,,,https://tobin.yale.edu/programs/pre-doctoral-fellows-program,nber.org,,"Institution: Tobin Center for Economic Policy and Department of Economics at Yale University | Fields: Accounting, Applied Microeconomics, Behavioral Economics, Development Economics, Economic Theory, Economics of Education, Environmental Economics, Experimental Economics, Finance, Health Economics, Industrial Organization, Labor Economics, Law and Economics, Macroeconomics, Market Design, Political Economy, Public Economics, Urban Economics",Pre-Doctoral Research Fellow,,,url:https://tobin.yale.edu/programs/pre-doctoral-fellows-program,2026-06-11T00:04:16.368656+00:00,2026-06-11T00:07:19.670835+00:00
Pre-Doctoral Fellows,"The University of Chicago, Harris School of Public Policy","The University of Chicago, Harris School of Public Policy",,,Bruce Meyer,,,https://www.dropbox.com/scl/fi/0pbrehhy645byud12m9zu/Pre-Doctoral-Fellow_Meyer_Comprehensive-Income-Dataset-Project-2025-1.1-clean.docx?rlkey=vfgf2u0m2ocwp9fpxtei41eyu&st=dcr39ae0&dl=0,nber.org,,"Researcher(s): Bruce Meyer | Institution: The University of Chicago, Harris School of Public Policy",Pre-Doctoral Research Fellow,,,url:https://www.dropbox.com/scl/fi/0pbrehhy645byud12m9zu/Pre-Doctoral-Fellow_Meyer_Comprehensive-Income-Dataset-Project-2025-1.1-clean.docx?rlkey=vfgf2u0m2ocwp9fpxtei41eyu&st=dcr39ae0&dl=0,2026-06-11T00:04:16.368656+00:00,2026-06-11T00:07:19.670835+00:00
Research Assistant,"University of Notre Dame, Strengthening Families Research Initiative","University of Notre Dame, Strengthening Families Research Initiative","Gender, Economics of the Family, Social Policy",,Melissa Kearney,,,https://apply.interfolio.com/174366,nber.org,,"Researcher(s): Melissa Kearney | Institution: University of Notre Dame, Strengthening Families Research Initiative | Fields: Gender, Economics of the Family, Social Policy",Pre-Doctoral Research Fellow,,,url:https://apply.interfolio.com/174366,2026-06-11T00:04:16.368656+00:00,2026-06-11T00:07:19.670835+00:00
Research Data Analyst,"University of California, Berkeley","University of California, Berkeley","Economic opportunity across locations, and transport and housing in developing countries",,,,,https://docs.google.com/document/d/1b2hB4O1_4SDoca3Dp3nq2TpljcN14lCNng5rKXS2Cuc/edit?tab=t.0,nber.org,,"Institution: University of California, Berkeley | Fields: Economic opportunity across locations, and transport and housing in developing countries",Pre-Doctoral Research Fellow,,,url:https://docs.google.com/document/d/1b2hB4O1_4SDoca3Dp3nq2TpljcN14lCNng5rKXS2Cuc/edit?tab=t.0,2026-06-11T00:04:16.368656+00:00,2026-06-11T00:07:19.670835+00:00
(Pre-doctoral) Full-Time Senior Research Specialist I (multiple openings) for AY21-22,"Princeton University, Julis-Rabinowitz Center for Public Policy & Finance","Princeton University, Julis-Rabinowitz Center for Public Policy & Finance","Applied Macroeconomics, Finance",,Atif Mian,,,https://jrc.princeton.edu/about/jobs-jrcppf,nber.org,,"Institution: Princeton University, Julis-Rabinowitz Center for Public Policy & Finance | Fields: Applied Macroeconomics, Finance",Pre-Doctoral Research Fellow,,,url:https://jrc.princeton.edu/about/jobs-jrcppf,2026-06-11T00:04:16.368656+00:00,2026-06-11T00:07:19.670835+00:00
Research Professional,"The University of Chicago Booth School of Business, Stigler Center","The University of Chicago Booth School of Business, Stigler Center","Political Economy, Finance, Public Policy",,Luigi Zingales,,,https://www.chicagobooth.edu/research/stigler/about/job-opportunities#RP,nber.org,,"Researcher(s): Luigi Zingales | Institution: The University of Chicago Booth School of Business, Stigler Center | Fields: Political Economy, Finance, Public Policy",Pre-Doctoral Research Fellow,,,url:https://www.chicagobooth.edu/research/stigler/about/job-opportunities,2026-06-11T00:04:16.368656+00:00,2026-06-11T00:07:19.670835+00:00
Full-time Senior Research Specialists for AY26-27,"Princeton University, Industrial Relations Section","Princeton University, Industrial Relations Section","Economics, labor economics",,"Zachary Bleemer, Ellora Derenoncourt, Simon Jäger, David Lee, Owen Zidar",,,https://irs.princeton.edu/senior-research-specialists-ay27,nber.org,,"Researcher(s): Zachary Bleemer, Ellora Derenoncourt, Simon Jäger, David Lee, Owen Zidar | Institution: Princeton University, Industrial Relations Section | Fields: Economics, labor economics",Pre-Doctoral Research Fellow,,,url:https://irs.princeton.edu/senior-research-specialists-ay27,2026-06-11T00:04:16.368656+00:00,2026-06-11T00:07:19.670835+00:00
Predoctoral Research Fellow,MIT Sloan School of Management,MIT Sloan School of Management,Applied microeconomics,,"Mert Demirer, Namrata Kala, Benjamin Vatter, and Catherine Wolfram",,,https://apply.interfolio.com/173538,nber.org,,"Researcher(s): Mert Demirer, Namrata Kala, Benjamin Vatter, and Catherine Wolfram | Institution: MIT Sloan School of Management | Fields: Applied microeconomics",Pre-Doctoral Research Fellow,,,url:https://apply.interfolio.com/173538,2026-06-11T00:04:16.368656+00:00,2026-06-11T00:07:19.670835+00:00
Research Fellows,Stanford Law School,Stanford Law School,"Law & Economics, Economics of Crime, Health Economics, Applied Microeconomics",,John J. Donohue and Daniel Kessler,,,https://law.stanford.edu/research/sls-fellowships/empirical-research-fellowship/,nber.org,,"Researcher(s): John J. Donohue and Daniel Kessler | Institution: Stanford Law School | Fields: Law & Economics, Economics of Crime, Health Economics, Applied Microeconomics",Pre-Doctoral Research Fellow,,,url:https://law.stanford.edu/research/sls-fellowships/empirical-research-fellowship,2026-06-11T00:04:16.368656+00:00,2026-06-11T00:07:19.670835+00:00
Research Professional,The University of Chicago Booth School of Business,The University of Chicago Booth School of Business,Finance,,Emanuele Colonnelli,,,https://www.chicagobooth.edu/-/media/faculty/research-professional-program/job-ads/2025-26/rp-call_colonnelli-2025.pdf,nber.org,,Researcher(s): Emanuele Colonnelli | Institution: The University of Chicago Booth School of Business | Fields: Finance,Pre-Doctoral Research Fellow,,,url:https://www.chicagobooth.edu/-/media/faculty/research-professional-program/job-ads/2025-26/rp-call_colonnelli-2025.pdf,2026-06-11T00:04:16.368656+00:00,2026-06-11T00:07:19.670835+00:00
Policy & Research Associate,"The University of Chicago Booth School of Business, Development Innovation Lab India","The University of Chicago Booth School of Business, Development Innovation Lab India",Development economics,,Michael Kremer,,,https://www.diluchicago.in/careers,nber.org,,"Researcher(s): Michael Kremer | Institution: The University of Chicago Booth School of Business, Development Innovation Lab India | Fields: Development economics",Pre-Doctoral Research Fellow,,,url:https://www.diluchicago.in/careers,2026-06-11T00:04:16.368656+00:00,2026-06-11T00:07:19.670835+00:00
Research Assistant,Harvard Kennedy School,Harvard Kennedy School,,,Anders Jensen,,,https://seankhiggins.com/assets/pdf/IDE_ra_call.pdf,nber.org,,Researcher(s): Anders Jensen | Institution: Harvard Kennedy School,Pre-Doctoral Research Fellow,,,url:https://seankhiggins.com/assets/pdf/IDE_ra_call.pdf,2026-06-11T00:04:16.368656+00:00,2026-06-11T00:07:19.670835+00:00
Postdoctoral Fellow,"Cornell University, Population Center","Cornell University, Population Center",Population Research,,Maria Fitzpatrick,,,https://publicpolicy.cornell.edu/cpc/training/postdocs/,nber.org,,"Researcher(s): Maria Fitzpatrick | Institution: Cornell University, Population Center | Fields: Population Research",Pre-Doctoral Research Fellow,,,url:https://publicpolicy.cornell.edu/cpc/training/postdocs,2026-06-11T00:04:16.368656+00:00,2026-06-11T00:07:19.670835+00:00
Predoctoral Researcher: Global Capital Allocation Project (GCAP) Lab,Stanford Graduate School of Business,Stanford Graduate School of Business,Finance,,Vikrant Vig,,,https://www.gsb.stanford.edu/programs/research-fellows/academic-experience/dedicated-track/projects,nber.org,,Institution: Stanford Graduate School of Business | Fields: Finance,Pre-Doctoral Research Fellow,,,url:https://www.gsb.stanford.edu/programs/research-fellows/academic-experience/dedicated-track/projects,2026-06-11T00:04:16.368656+00:00,2026-06-11T00:07:19.670835+00:00
Predoctoral Research Fellow Opportunities,"Stanford Institute for Economic Policy Research (SIEPR) Fields of Research: Behavioral, Environmental, Energy, Health, Inequality, Labor, Marketing, Media and Technology, Political Economy, Public Economics, Public Policy","Stanford Institute for Economic Policy Research (SIEPR) Fields of Research: Behavioral, Environmental, Energy, Health, Inequality, Labor, Marketing, Media and Technology, Political Economy, Public Economics, Public Policy",,,"Hunt Allcott, Marcella Alsan, Laurence Baker, Matthew Gentzkow, Allan Hsiao, Daniel Kessler, Neale Mahoney, Grant Miller, Petra Persson, Maya Rossin-Slater",,,https://siepr.stanford.edu/programs/siepr-predoctoral-research-fellows-program/predoctoral-fellowship-opportunities,nber.org,,"Researcher(s): Hunt Allcott, Marcella Alsan, Laurence Baker, Matthew Gentzkow, Allan Hsiao, Daniel Kessler, Neale Mahoney, Grant Miller, Petra Persson, Maya Rossin-Slater | Institution: Stanford Institute for Economic Policy Research (SIEPR) Fields of Research: Behavioral, Environmental, Energy, Health, Inequality, Labor, Marketing, Media and Technology, Political Economy, Public Economics, Public Policy",Pre-Doctoral Research Fellow,,,url:https://siepr.stanford.edu/programs/siepr-predoctoral-research-fellows-program/predoctoral-fellowship-opportunities,2026-06-11T00:04:16.368656+00:00,2026-06-11T00:07:19.670835+00:00
Research Professional,The University of Chicago Booth School of Business,The University of Chicago Booth School of Business,,,,,,https://www.chicagobooth.edu/-/media/faculty/research-professional-program/job-ads/2025-26/micro-group-ad-2025.pd,nber.org,,Institution: The University of Chicago Booth School of Business,Pre-Doctoral Research Fellow,,,url:https://www.chicagobooth.edu/-/media/faculty/research-professional-program/job-ads/2025-26/micro-group-ad-2025.pd,2026-06-11T00:04:16.368656+00:00,2026-06-11T00:07:19.670835+00:00
Predoctoral Research Associate,Harvard University,Harvard University,,,,,,https://careers.harvard.edu/job/predoctoral-research-associate-in-boston-ma-united-states-jid-312,nber.org,,Institution: Harvard University,Pre-Doctoral Research Fellow,,,url:https://careers.harvard.edu/job/predoctoral-research-associate-in-boston-ma-united-states-jid-312,2026-06-11T00:04:16.368656+00:00,2026-06-11T00:07:19.670835+00:00
Research Professional,"Carnegie Mellon University, WashU, UIUC","Carnegie Mellon University, WashU, UIUC",,,"Matthew Denes, Spyros Lagaras, and Margarita Tsoutsoura",,,https://bit.ly/4lJmuTD,nber.org,,"Researcher(s): Matthew Denes, Spyros Lagaras, and Margarita Tsoutsoura | Institution: Carnegie Mellon University, WashU, UIUC",Pre-Doctoral Research Fellow,,,url:https://bit.ly/4lJmuTD,2026-06-11T00:04:16.368656+00:00,2026-06-11T00:07:19.670835+00:00
Empirical Research Fellow,"Northwestern University, Kellogg School of Management","Northwestern University, Kellogg School of Management",,,,,,https://kellogg.qualtrics.com/jfe/form/SV_bCytN01y5LPnaqq,nber.org,,"Institution: Northwestern University, Kellogg School of Management",Pre-Doctoral Research Fellow,,,url:https://kellogg.qualtrics.com/jfe/form/SV_bCytN01y5LPnaqq,2026-06-11T00:04:16.368656+00:00,2026-06-11T00:07:19.670835+00:00
Pre-doctoral Research Assistant,Dartmouth College & University of Notre Dame,Dartmouth College & University of Notre Dame,"International Economics, Data Science",,Robert C. Johnson,,,https://apply.interfolio.com/168476,nber.org,,"Researcher(s): Robert C. Johnson | Institution: Dartmouth College & University of Notre Dame | Fields: International Economics, Data Science",Pre-Doctoral Research Fellow,,,url:https://apply.interfolio.com/168476,2026-06-11T00:04:16.368656+00:00,2026-06-11T00:07:19.670835+00:00
Pre-doctoral Fellow,Harvard University,Harvard University,Development Economics and Econometrics,,Emily Breza and Davide Viviano,,,https://academicpositions.harvard.edu/postings/14839,nber.org,,Researcher(s): Emily Breza and Davide Viviano | Institution: Harvard University | Fields: Development Economics and Econometrics,Pre-Doctoral Research Fellow,,,url:https://academicpositions.harvard.edu/postings/14839,2026-06-11T00:04:16.368656+00:00,2026-06-11T00:07:19.670835+00:00
Pre-doctoral Fellow,"New York University, Leonard N. Stern School of Business","New York University, Leonard N. Stern School of Business",Macroeconomics,,Gian Luca Clementi,,,"https://apply.interfolio.com/165051""",nber.org,,"Researcher(s): Gian Luca Clementi | Institution: New York University, Leonard N. Stern School of Business | Fields: Macroeconomics",Pre-Doctoral Research Fellow,,,"url:https://apply.interfolio.com/165051""",2026-06-11T00:04:16.368656+00:00,2026-06-11T00:07:19.670835+00:00
Research Professional – Market Shaping Accelerator,Becker Friedman Institute for Economics at the University of Chicago,Becker Friedman Institute for Economics at the University of Chicago,"Climate change, biosecurity, and other pressing global challenges",,"Michael Kremer, Rachel Glennerster, Christopher Snyder",,,https://dil.uchicago.edu/research-professional-market-shaping-accelerator/,nber.org,,"Researcher(s): Michael Kremer, Rachel Glennerster, Christopher Snyder | Institution: Becker Friedman Institute for Economics at the University of Chicago | Fields: Climate change, biosecurity, and other pressing global challenges",Pre-Doctoral Research Fellow,,,url:https://dil.uchicago.edu/research-professional-market-shaping-accelerator,2026-06-11T00:04:16.368656+00:00,2026-06-11T00:07:19.670835+00:00
Postdoctoral Research Fellow,"Harvard University, Faculty of Arts and Sciences","Harvard University, Faculty of Arts and Sciences","Economics of the Auto Market,",,James Stock,,,https://academicpositions.harvard.edu/postings/14759,nber.org,,"Researcher(s): James Stock | Institution: Harvard University, Faculty of Arts and Sciences | Fields: Economics of the Auto Market,",Pre-Doctoral Research Fellow,,,url:https://academicpositions.harvard.edu/postings/14759,2026-06-11T00:04:16.368656+00:00,2026-06-11T00:07:19.670835+00:00
Predoctoral Research Analyst,Hoover Institution,Hoover Institution,State & Local Economic Policy,,Josh Rauh,,,https://careersearch.stanford.edu/jobs/research-analyst-for-state-and-local-government-initiative-27190,nber.org,,Researcher(s): Josh Rauh | Institution: Hoover Institution | Fields: State & Local Economic Policy,Pre-Doctoral Research Fellow,,,url:https://careersearch.stanford.edu/jobs/research-analyst-for-state-and-local-government-initiative-27190,2026-06-11T00:04:16.368656+00:00,2026-06-11T00:07:19.670835+00:00
Predoctoral Research Associate,Harvard Business School,Harvard Business School,Entrepreneurship & Finance,,Paul A. Gompers,,,https://www.dropbox.com/scl/fi/71ook3ulz90ncx67qvf8d/Gompers_predoc_job_posting_2025.pdf?rlkey=nqoh9hutr0gprkm8xyukhrm00&st=9h2t9x7v&dl=0,nber.org,,Researcher(s): Paul A. Gompers | Institution: Harvard Business School | Fields: Entrepreneurship & Finance,Pre-Doctoral Research Fellow,,,url:https://www.dropbox.com/scl/fi/71ook3ulz90ncx67qvf8d/Gompers_predoc_job_posting_2025.pdf?rlkey=nqoh9hutr0gprkm8xyukhrm00&st=9h2t9x7v&dl=0,2026-06-11T00:04:16.368656+00:00,2026-06-11T00:07:19.670835+00:00
Pre-doctoral Fellow,University of Rochester,University of Rochester,Labor Economics,,Lisa B. Kahn,,,https://docs.google.com/forms/d/e/1FAIpQLSd2VitZ6wmUBL0Qyqiyg-zj-hSOjXIuMVke4XSJI4bLri0VDg/viewform?pli=1,nber.org,,Researcher(s): Lisa B. Kahn | Institution: University of Rochester | Fields: Labor Economics,Pre-Doctoral Research Fellow,,,url:https://docs.google.com/forms/d/e/1FAIpQLSd2VitZ6wmUBL0Qyqiyg-zj-hSOjXIuMVke4XSJI4bLri0VDg/viewform?pli=1,2026-06-11T00:04:16.368656+00:00,2026-06-11T00:07:19.670835+00:00
Research Assistant,"The University of Chicago, Energy & Environment Lab (E&E Lab)","The University of Chicago, Energy & Environment Lab (E&E Lab)",Environmental Economics,,Michael Greenstone,,,https://job-boards.greenhouse.io/energyandenvironmentlab/jobs/6270113003,nber.org,,"Researcher(s): Michael Greenstone | Institution: The University of Chicago, Energy & Environment Lab (E&E Lab) | Fields: Environmental Economics",Pre-Doctoral Research Fellow,,,url:https://job-boards.greenhouse.io/energyandenvironmentlab/jobs/6270113003,2026-06-11T00:04:16.368656+00:00,2026-06-11T00:07:19.670835+00:00
Research Assistant (Bridge Program),"Columbia University, Department of Economics","Columbia University, Department of Economics",Economics,,Michael Carlos Best,,,https://econ.columbia.edu/phd/bridge-to-phd-program/,nber.org,,"Researcher(s): Michael Carlos Best | Institution: Columbia University, Department of Economics | Fields: Economics",Pre-Doctoral Research Fellow,,,url:https://econ.columbia.edu/phd/bridge-to-phd-program,2026-06-11T00:04:16.368656+00:00,2026-06-11T00:07:19.670835+00:00
Pre-Doctoral Research Fellowship,"The Tuck School of Business at Dartmouth (position located in Cambridge, MA)","The Tuck School of Business at Dartmouth (position located in Cambridge, MA)",Financial Economics,,Gordon M. Phillips,,,https://apply.interfolio.com/161533,nber.org,,"Researcher(s): Gordon M. Phillips | Institution: The Tuck School of Business at Dartmouth (position located in Cambridge, MA) | Fields: Financial Economics",Pre-Doctoral Research Fellow,,,url:https://apply.interfolio.com/161533,2026-06-11T00:04:16.368656+00:00,2026-06-11T00:07:19.670835+00:00
Research Assistant,Stanford University,Stanford University,Health economics,,"Adrienne Sabety, Maya Rossin-Slater",,,https://www.nber.org/sites/default/files/2024-12/RA_job_posting_2024-25.pdf,nber.org,,"Researcher(s): Adrienne Sabety, Maya Rossin-Slater | Institution: Stanford University | Fields: Health economics",Pre-Doctoral Research Fellow,,,url:https://www.nber.org/sites/default/files/2024-12/RA_job_posting_2024-25.pdf,2026-06-11T00:04:16.368656+00:00,2026-06-11T00:07:19.670835+00:00
Research Data Analyst Associate,"Northwestern University, Department of Economics","Northwestern University, Department of Economics","Economics, Health",,Charles Manski,,,https://economics.northwestern.edu/people/research-data-analyst-associate-description-for-external-distribution-2024.pdf,nber.org,,"Researcher(s): Charles Manski | Institution: Northwestern University, Department of Economics | Fields: Economics, Health",Pre-Doctoral Research Fellow,,,url:https://economics.northwestern.edu/people/research-data-analyst-associate-description-for-external-distribution-2024.pdf,2026-06-11T00:04:16.368656+00:00,2026-06-11T00:07:19.670835+00:00
Research Manager,JPAL South Asia at IFMR,JPAL South Asia at IFMR,,,Daron Acemoglu,,,https://jpalsouth.asia/jobsPage?ID=139672964973,nber.org,,Researcher(s): Daron Acemoglu | Institution: JPAL South Asia at IFMR,Pre-Doctoral Research Fellow,,,url:https://jpalsouth.asia/jobsPage?ID=139672964973,2026-06-11T00:04:16.368656+00:00,2026-06-11T00:07:19.670835+00:00
Full time Research Assistant,"University of California, Berkeley","University of California, Berkeley",,,Amir Kermani,,,https://docs.google.com/document/d/1ngS7vpZCP-1NkDWdi2D7c9R_5eaUhFKAe21Q-5Y_fno/edit,nber.org,,"Researcher(s): Amir Kermani | Institution: University of California, Berkeley",Pre-Doctoral Research Fellow,,,url:https://docs.google.com/document/d/1ngS7vpZCP-1NkDWdi2D7c9R_5eaUhFKAe21Q-5Y_fno/edit,2026-06-11T00:04:16.368656+00:00,2026-06-11T00:07:19.670835+00:00
Research Professional,"University of Copenhagen, Columbia Business School","University of Copenhagen, Columbia Business School",,,"Margarita Tsoutsoura, Daniel Woflenzon",,,https://www.nber.org/sites/default/files/2024-10/BennedsenWolfenzonTsoutsoura%20_position_to_NBER%2010.3.2024.pdf,nber.org,,"Researcher(s): Margarita Tsoutsoura, Daniel Woflenzon | Institution: University of Copenhagen, Columbia Business School",Pre-Doctoral Research Fellow,,,url:https://www.nber.org/sites/default/files/2024-10/BennedsenWolfenzonTsoutsoura%20_position_to_NBER%2010.3.2024.pdf,2026-06-11T00:04:16.368656+00:00,2026-06-11T00:07:19.670835+00:00
Predoctoral Research Analyst,University of Pennsylvania (The Wharton School),University of Pennsylvania (The Wharton School),,,Judd Kessler and Corinne Low,,,https://wd1.myworkdaysite.com/en-US/recruiting/upenn/careers-at-penn/details/Faculty-Research-Analyst--Business--Economics--and-Public-Policy-Department--Wharton-School_JR00098140-1?jobFamily=ac2a3e0e9a860145e03c7bdc4209c207,nber.org,,Researcher(s): Judd Kessler and Corinne Low | Institution: University of Pennsylvania (The Wharton School),Pre-Doctoral Research Fellow,,,url:https://wd1.myworkdaysite.com/en-US/recruiting/upenn/careers-at-penn/details/Faculty-Research-Analyst--Business--Economics--and-Public-Policy-Department--Wharton-School_JR00098140-1?jobFamily=ac2a3e0e9a860145e03c7bdc4209c207,2026-06-11T00:04:16.368656+00:00,2026-06-11T00:07:19.670835+00:00
Pre-Doctoral Researcher - Technical Associate,MIT Sloan School of Management,MIT Sloan School of Management,"Macrofinance, asset pricing, household finance, corporate finance",,Christopher Palmer,,,https://apply.interfolio.com/151555,nber.org,,"Researcher(s): Christopher Palmer | Institution: MIT Sloan School of Management | Fields: Macrofinance, asset pricing, household finance, corporate finance",Pre-Doctoral Research Fellow,,,url:https://apply.interfolio.com/151555,2026-06-11T00:04:16.368656+00:00,2026-06-11T00:07:19.670835+00:00
Research Professional (post-doctoral),The University of Chicago Booth School of Business,The University of Chicago Booth School of Business,Market Design,,Eric Budish,,,https://uchicago.wd5.myworkdayjobs.com/External/job/Chicago-IL/Research-Fellow_JR27720,nber.org,,Researcher(s): Eric Budish | Institution: The University of Chicago Booth School of Business | Fields: Market Design,Pre-Doctoral Research Fellow,,,url:https://uchicago.wd5.myworkdayjobs.com/External/job/Chicago-IL/Research-Fellow_JR27720,2026-06-11T00:04:16.368656+00:00,2026-06-11T00:07:19.670835+00:00
Pre-doctoral Research Fellow,"University of California, Berkeley","University of California, Berkeley",,,"Dmitry Taubinsky, Na'ama Shenhav,Chen Lian",,,https://www.dropbox.com/scl/fi/5tdgie0fmx2b3iwudy2hd/Butera-Lian-Shenhav-Taubinsky-Predoc-Position.pdf?rlkey=ci3j7q5fwn1oj6yas1dkuopye&e=1&st=d5fabubx&dl=0,nber.org,,"Researcher(s): Dmitry Taubinsky, Na'ama Shenhav,Chen Lian | Institution: University of California, Berkeley",Pre-Doctoral Research Fellow,,,url:https://www.dropbox.com/scl/fi/5tdgie0fmx2b3iwudy2hd/Butera-Lian-Shenhav-Taubinsky-Predoc-Position.pdf?rlkey=ci3j7q5fwn1oj6yas1dkuopye&e=1&st=d5fabubx&dl=0,2026-06-11T00:04:16.368656+00:00,2026-06-11T00:07:19.670835+00:00
Pre-doctoral Research Fellows,"Stanford University, Graduate School of Business","Stanford University, Graduate School of Business",,,Matteo Maggiori,,,https://static1.squarespace.com/static/5d16723edad0660001d89ce7/t/66c39310d3dd553e3f08815f/1724093200262/GCAP_Pre_doc+Maggiori_Coppola_24.pdf,nber.org,,"Researcher(s): Matteo Maggiori | Institution: Stanford University, Graduate School of Business",Pre-Doctoral Research Fellow,,,url:https://static1.squarespace.com/static/5d16723edad0660001d89ce7/t/66c39310d3dd553e3f08815f/1724093200262/GCAP_Pre_doc+Maggiori_Coppola_24.pdf,2026-06-11T00:04:16.368656+00:00,2026-06-11T00:07:19.670835+00:00
Research Fellow,Massachusetts Institute of Technology,Massachusetts Institute of Technology,"Economics, workforce/labor, macroeconomics",,Nathaniel Hendren,,,https://policyimpacts.org/wp-content/uploads/2024/08/Pre-Doc-Job-Description_Policy-Impacts-2024.pdf,nber.org,,"Researcher(s): Nathaniel Hendren | Institution: Massachusetts Institute of Technology | Fields: Economics, workforce/labor, macroeconomics",Pre-Doctoral Research Fellow,,,url:https://policyimpacts.org/wp-content/uploads/2024/08/Pre-Doc-Job-Description_Policy-Impacts-2024.pdf,2026-06-11T00:04:16.368656+00:00,2026-06-11T00:07:19.670835+00:00
Research Data Analyst 2,"University of California, Berkeley","University of California, Berkeley",,,"Nano Barahona, Ben Handel, Jon Kolstad",,,https://careerspub.universityofcalifornia.edu/psp/ucb/EMPLOYEE/HRMS/c/HRS_HRAM.HRS_APP_SCHJOB.GBL?Page=HRS_APP_JBPST&Action=U&FOCUS=Applicant&SiteId=21&JobOpeningId=70188&PostingSeq=1,nber.org,,"Researcher(s): Nano Barahona, Ben Handel, Jon Kolstad | Institution: University of California, Berkeley",Pre-Doctoral Research Fellow,,,url:https://careerspub.universityofcalifornia.edu/psp/ucb/EMPLOYEE/HRMS/c/HRS_HRAM.HRS_APP_SCHJOB.GBL?Page=HRS_APP_JBPST&Action=U&FOCUS=Applicant&SiteId=21&JobOpeningId=70188&PostingSeq=1,2026-06-11T00:04:16.368656+00:00,2026-06-11T00:07:19.670835+00:00
Research Staff Associate - Management,"Columbia Business School, Columbia University","Columbia Business School, Columbia University","Economics, Statistics, Business, Accounting, Finance, Behavioral Science, Management and Operations",,Sheena Iyengar,,,https://academic.careers.columbia.edu/#!/131977,nber.org,,"Researcher(s): Sheena Iyengar | Institution: Columbia Business School, Columbia University | Fields: Economics, Statistics, Business, Accounting, Finance, Behavioral Science, Management and Operations",Pre-Doctoral Research Fellow,,,url:https://academic.careers.columbia.edu,2026-06-11T00:04:16.368656+00:00,2026-06-11T00:07:19.670835+00:00
Full-Time Research Professional,Washington University in St. Louis,Washington University in St. Louis,"Corporate Finance, Entrepreneurship",,Margarita Tsoutsoura,,,https://www.nber.org/sites/default/files/2023-12/Tsoutsoura%20RP_position_to_NBER%202023.pdf,nber.org,,"Researcher(s): Margarita Tsoutsoura | Institution: Washington University in St. Louis | Fields: Corporate Finance, Entrepreneurship",Pre-Doctoral Research Fellow,,,url:https://www.nber.org/sites/default/files/2023-12/Tsoutsoura%20RP_position_to_NBER%202023.pdf,2026-06-11T00:04:16.368656+00:00,2026-06-11T00:07:19.670835+00:00
Research Analyst,Coinbase Institute,Coinbase Institute,Economics,,Marco Di Maggio,,,https://www.nber.org/sites/default/files/2022-09/Coinbase_institute_research_analyst_100_job_posting.docx.pdf,nber.org,,Researcher(s): Marco Di Maggio | Institution: Coinbase Institute | Fields: Economics,Pre-Doctoral Research Fellow,,,url:https://www.nber.org/sites/default/files/2022-09/Coinbase_institute_research_analyst_100_job_posting.docx.pdf,2026-06-11T00:04:16.368656+00:00,2026-06-11T00:07:19.670835+00:00
"Postdoctoral and Doctoral Corporate Governance Fellows For Finance, Economics, and Accounting Researchers","Harvard Law School, Program on Corporate Governance","Harvard Law School, Program on Corporate Governance",Corporate Governance,,Lucian Bebchuk,,,https://pcg.law.harvard.edu/hiring/,nber.org,,"Researcher(s): Lucian Bebchuk | Institution: Harvard Law School, Program on Corporate Governance | Fields: Corporate Governance",Pre-Doctoral Research Fellow,,,url:https://pcg.law.harvard.edu/hiring,2026-06-11T00:04:16.368656+00:00,2026-06-11T00:07:19.670835+00:00
